Workbook

Sheet G MTTS
A2: =SUM(AO3:AP3) -> 556 | C2: GLOBAL MTT - SUPREMA POKER
B3: Brazil/Arg | C3: EUA | D3: CANADÁ | E3: MÉX/CR | F3: PERU/COL | G3: VEZ | H3: EU | I3: ÁSIA | Q3: ACTION: 20s | V3: USD | Z3: USD | AG3: BLINDS UP (min) | AO3: =COUNTIF($M$1:$M$990,"main event") -> 65 | AP3: =COUNTIF($M$1:$M$990,"side event") -> 491 | AQ3: =COUNTIF($M$1:$M$990,"sat") -> 266
A4: DAY | B4: HORA | C4: TIME (UTC-5) | D4: TIME (UTC-7) | E4: TIME (UTC-6) | F4: TIME (UTC-5) | G4: TIME (UTC-4) | H4: TIME (UTC+3) | I4: TIME (UTC+8) | J4: MTT MARKETING | L4: MTT | M4: TYPE | N4: Game Type | O4: K.O (REG / PROG / OFF) | P4: MAX. TABLE | Q4: PRIZE POOL USD | R4: TICKET AWARD | S4: PERSONALIZED AWARD | T4: PAYOUT | U4: CALCULATED PAYOUT | V4: BUY-IN | W4: REENTRY/REBUY | X4: STACK REENTRY/REBUY | Y4: REBUY CONDITION | Z4: ADD-ON | AA4: STACK ADD-ON | AB4: BREAK LATE REG. | AC4: FEE | AD4: ADMIN FEE | AE4: STRUCTURE | AF4: CHIPS | AG4: Early game | AH4: Pós Late Reg. | AI4: Final Table | AJ4: LATE REG. | AK4: Num. players | AL4: EARLY BIRD | AM4: CHAT | AN4: TIME BANK | AO4: Hour late register | AP4: Action | AQ4: Size buy-in
A6: MONDAY | C6: 0.083333333 | D6: 0.16666667 | E6: 0.125 | F6: 0.083333333 | G6: 0.041666667 | H6: 0.25 | I6: 0.45833333 | J6: MONDAY | L6: MONDAY | Q6: MONDAY | V6: MONDAY | AB6: MONDAY | AE6: MONDAY | AJ6: MONDAY
A7: MONDAY | B7: 0.58334491 | C7: =TEXT(IF($B7=0," ",$B7-C$6),"hh:mm am/pm") -> 12:00 001/p1 | D7: =TEXT(IF($B7=0," ",$B7-D$6),"hh:mm am/pm") -> 10:00 001/p1 | E7: =TEXT(IF($B7=0," ",$B7-E$6),"hh:mm am/pm") -> 11:00 001/p1 | F7: =TEXT(IF($B7=0," ",$B7-F$6),"hh:mm am/pm") -> 12:00 001/p1 | G7: =TEXT(IF($B7=0," ",$B7-G$6),"hh:mm am/pm") -> 13:00 001/p1 | H7: =TEXT(IF($B7=0," ",$B7+H$6),"hh:mm am/pm") -> 20:00 001/p1 | I7: =TEXT(IF($B7=0," ",$B7+I$6),"hh:mm am/pm") -> 01:00 001/p1 | J7: #AS 25K WarmUp | L7: #AS WarmUp | M7: Main Event | N7: NLH | O7: Progressive KO 1/3 | P7: 8 | Q7: 5000 | R7: n/a | T7: 15% New | U7: Only buy-in | V7: 22 | W7: 22 | Y7: No Limit | AA7: REENTRY | AB7: 5 min | AC7: 0.1 | AD7: 0.02 | AE7: Turbo | AF7: 50000 | AG7: 12 | AH7: 10 | AI7: 10 | AJ7: 15 | AK7: 2-10000 | AL7: Level 0 20% | AM7: Only for in-game players | AN7: Off - ilimitado | AO7: =IF(B7=0," ",TIME(,ROUNDDOWN(AG7*AJ7/60,0)*5+(AG7*AJ7),)+B7) -> 0.71876157 | AP7: =IF(Q7=0,,ROUNDUP(Q7/(V7*(1-AC7-AD7)),0)) -> 259 | AQ7: =IFERROR(IF(V7=0," ",IF(V7<=5,"MICRO",IF(V7<=19.8,"LOW",IF(V7<=99.8,"MEDIUM",IF(V7<=500,"HIGH",IF(V7>500,"SUPER HIGH",)))))),"") -> MEDIUM
A8: Side Event | B8: 0.62501157 | C8: =TEXT(IF($B8=0," ",$B8-C$6),"hh:mm am/pm") -> 13:00 001/p1 | D8: =TEXT(IF($B8=0," ",$B8-D$6),"hh:mm am/pm") -> 11:00 001/p1 | E8: =TEXT(IF($B8=0," ",$B8-E$6),"hh:mm am/pm") -> 12:00 001/p1 | F8: =TEXT(IF($B8=0," ",$B8-F$6),"hh:mm am/pm") -> 13:00 001/p1 | G8: =TEXT(IF($B8=0," ",$B8-G$6),"hh:mm am/pm") -> 14:00 001/p1 | H8: =TEXT(IF($B8=0," ",$B8+H$6),"hh:mm am/pm") -> 21:00 001/p1 | I8: =TEXT(IF($B8=0," ",$B8+I$6),"hh:mm am/pm") -> 02:00 001/p1 | J8: #AS 25K Plus+SPS | L8: #AS Plus+SPS | M8: Main Event | N8: NLH | O8: OFF | P8: 9 | Q8: 5200 | R8: 1 Ticket SPS 76-M Supremo | T8: 15% Flat | U8: Buy-in+Rebuy | V8: 11 | W8: 11 | Y8: No limit + double rebuy | Z8: 11 | AA8: 120000 | AB8: 5 min | AC8: 0.1 | AD8: 0.02 | AE8: Turbo | AF8: 40000 | AG8: 10 | AH8: 10 | AI8: 10 | AJ8: 15 | AK8: 2-10000 | AL8: Level 0 20% | AM8: Only for in-game players | AN8: Off - ilimitado | AO8: =IF(B8=0," ",TIME(,ROUNDDOWN(AG8*AJ8/60,0)*5+(AG8*AJ8),)+B8) -> 0.73612269 | AP8: =IF(Q8=0,,ROUNDUP(Q8/(V8*(1-AC8-AD8)),0)) -> 538 | AQ8: =IFERROR(IF(V8=0," ",IF(V8<=5,"MICRO",IF(V8<=19.8,"LOW",IF(V8<=99.8,"MEDIUM",IF(V8<=500,"HIGH",IF(V8>500,"SUPER HIGH",)))))),"") -> LOW
A9: =COUNTIF(M7:M77,"Side event") -> 60 | B9: 0.66667824 | C9: =TEXT(IF($B9=0," ",$B9-C$6),"hh:mm am/pm") -> 14:00 001/p1 | D9: =TEXT(IF($B9=0," ",$B9-D$6),"hh:mm am/pm") -> 12:00 001/p1 | E9: =TEXT(IF($B9=0," ",$B9-E$6),"hh:mm am/pm") -> 13:00 001/p1 | F9: =TEXT(IF($B9=0," ",$B9-F$6),"hh:mm am/pm") -> 14:00 001/p1 | G9: =TEXT(IF($B9=0," ",$B9-G$6),"hh:mm am/pm") -> 15:00 001/p1 | H9: =TEXT(IF($B9=0," ",$B9+H$6),"hh:mm am/pm") -> 22:00 001/p1 | I9: =TEXT(IF($B9=0," ",$B9+I$6),"hh:mm am/pm") -> 03:00 001/p1 | J9: #AS 20K Bounty | L9: #AS Bounty | M9: Main Event | N9: NLH | O9: Progressive KO 1/2 | P9: 8 | Q9: 4000 | R9: n/a | T9: 15% New | U9: Only buy-in | V9: 16 | W9: 16 | X9: 60000 | Y9: No Limit | AA9: REENTRY | AB9: 5 min | AC9: 0.1 | AD9: 0.02 | AE9: Turbo | AF9: 50000 | AG9: 12 | AH9: 10 | AI9: 10 | AJ9: 15 | AK9: 2-10000 | AL9: Level 0 20% | AM9: Only for in-game players | AN9: Off - ilimitado | AO9: =IF(B9=0," ",TIME(,ROUNDDOWN(AG9*AJ9/60,0)*5+(AG9*AJ9),)+B9) -> 0.80209491 | AP9: =IF(Q9=0,,ROUNDUP(Q9/(V9*(1-AC9-AD9)),0)) -> 285 | AQ9: =IFERROR(IF(V9=0," ",IF(V9<=5,"MICRO",IF(V9<=19.8,"LOW",IF(V9<=99.8,"MEDIUM",IF(V9<=500,"HIGH",IF(V9>500,"SUPER HIGH",)))))),"") -> LOW
A10: Main Event | B10: 0.75001157 | C10: =TEXT(IF($B10=0," ",$B10-C$6),"hh:mm am/pm") -> 16:00 001/p1 | D10: =TEXT(IF($B10=0," ",$B10-D$6),"hh:mm am/pm") -> 14:00 001/p1 | E10: =TEXT(IF($B10=0," ",$B10-E$6),"hh:mm am/pm") -> 15:00 001/p1 | F10: =TEXT(IF($B10=0," ",$B10-F$6),"hh:mm am/pm") -> 16:00 001/p1 | G10: =TEXT(IF($B10=0," ",$B10-G$6),"hh:mm am/pm") -> 17:00 001/p1 | H10: =TEXT(IF($B10=0," ",$B10+H$6),"hh:mm am/pm") -> 00:00 001/p1 | I10: =TEXT(IF($B10=0," ",$B10+I$6),"hh:mm am/pm") -> 05:00 001/p1 | J10: #AS 75K Big Plus+SPS | L10: #AS Big Plus+SPS | M10: Main Event | N10: NLH | O10: OFF | P10: 8 | Q10: 15200 | R10: 1 Ticket SPS 76-M Supremo | T10: 15% Flat | U10: Buy-in+Rebuy | V10: 15 | W10: 15 | Y10: No limit + double rebuy | Z10: 15 | AA10: 120000 | AB10: 5 min | AC10: 0.1 | AD10: 0.02 | AE10: Turbo | AF10: 40000 | AG10: 12 | AH10: 10 | AI10: 10 | AJ10: 15 | AK10: 2-10000 | AL10: Level 0 20% | AM10: Only for in-game players | AN10: Off - ilimitado | AO10: =IF(B10=0," ",TIME(,ROUNDDOWN(AG10*AJ10/60,0)*5+(AG10*AJ10),)+B10) -> 0.88542824 | AP10: =IF(Q10=0,,ROUNDUP(Q10/(V10*(1-AC10-AD10)),0)) -> 1152 | AQ10: =IFERROR(IF(V10=0," ",IF(V10<=5,"MICRO",IF(V10<=19.8,"LOW",IF(V10<=99.8,"MEDIUM",IF(V10<=500,"HIGH",IF(V10>500,"SUPER HIGH",)))))),"") -> LOW
A11: =COUNTIF(M7:M77,"Main Event") -> 10 | B11: 0.75001157 | C11: =TEXT(IF($B11=0," ",$B11-C$6),"hh:mm am/pm") -> 16:00 001/p1 | D11: =TEXT(IF($B11=0," ",$B11-D$6),"hh:mm am/pm") -> 14:00 001/p1 | E11: =TEXT(IF($B11=0," ",$B11-E$6),"hh:mm am/pm") -> 15:00 001/p1 | F11: =TEXT(IF($B11=0," ",$B11-F$6),"hh:mm am/pm") -> 16:00 001/p1 | G11: =TEXT(IF($B11=0," ",$B11-G$6),"hh:mm am/pm") -> 17:00 001/p1 | H11: =TEXT(IF($B11=0," ",$B11+H$6),"hh:mm am/pm") -> 00:00 001/p1 | I11: =TEXT(IF($B11=0," ",$B11+I$6),"hh:mm am/pm") -> 05:00 001/p1 | J11: #AS 100K Plus+SPT | L11: #AS Plus+SPT | M11: Main Event | N11: NLH | O11: OFF | P11: 8 | Q11: 21700 | R11: 1 Pacote SPT2 8.5K BRL | T11: 15% Flat | U11: Buy-in+Rebuy | V11: 5 | W11: 5 | Y11: No limit + double rebuy | Z11: 6 | AA11: 250000 | AB11: 5 min | AC11: 0.1 | AD11: 0.02 | AE11: Hyper turbo | AF11: 50000 | AG11: 10 | AH11: 8 | AI11: 10 | AJ11: 15 | AK11: 2-10000 | AL11: Level 0 20% | AM11: Only for in-game players | AN11: Off - ilimitado | AO11: =IF(B11=0," ",TIME(,ROUNDDOWN(AG11*AJ11/60,0)*5+(AG11*AJ11),)+B11) -> 0.86112269 | AP11: =IF(Q11=0,,ROUNDUP(Q11/(V11*(1-AC11-AD11)),0)) -> 4932 | AQ11: =IFERROR(IF(V11=0," ",IF(V11<=5,"MICRO",IF(V11<=19.8,"LOW",IF(V11<=99.8,"MEDIUM",IF(V11<=500,"HIGH",IF(V11>500,"SUPER HIGH",)))))),"") -> MICRO
A12: Total GTD | B12: 0.77084491 | C12: =TEXT(IF($B12=0," ",$B12-C$6),"hh:mm am/pm") -> 16:30 001/p1 | D12: =TEXT(IF($B12=0," ",$B12-D$6),"hh:mm am/pm") -> 14:30 001/p1 | E12: =TEXT(IF($B12=0," ",$B12-E$6),"hh:mm am/pm") -> 15:30 001/p1 | F12: =TEXT(IF($B12=0," ",$B12-F$6),"hh:mm am/pm") -> 16:30 001/p1 | G12: =TEXT(IF($B12=0," ",$B12-G$6),"hh:mm am/pm") -> 17:30 001/p1 | H12: =TEXT(IF($B12=0," ",$B12+H$6),"hh:mm am/pm") -> 00:30 001/p1 | I12: =TEXT(IF($B12=0," ",$B12+I$6),"hh:mm am/pm") -> 05:30 001/p1 | J12: #AS 100K Battle+SPS | L12: #AS Battle+SPS | M12: Main Event | N12: NLH | O12: Progressive KO 1/2 | P12: 8 | Q12: 20200 | R12: 1 Ticket SPS 76-M Supremo | T12: 15% Plus | U12: Only buy-in | V12: 15 | W12: 15 | Y12: No Limit | AA12: REENTRY | AB12: 5 min | AC12: 0.1 | AD12: 0.02 | AE12: Hyper turbo | AF12: 80000 | AG12: 12 | AH12: 10 | AI12: 10 | AJ12: 15 | AK12: 2-10000 | AL12: Level 0 20% | AM12: Only for in-game players | AN12: Off - ilimitado | AO12: =IF(B12=0," ",TIME(,ROUNDDOWN(AG12*AJ12/60,0)*5+(AG12*AJ12),)+B12) -> 0.90626157 | AP12: =IF(Q12=0,,ROUNDUP(Q12/(V12*(1-AC12-AD12)),0)) -> 1531 | AQ12: =IFERROR(IF(V12=0," ",IF(V12<=5,"MICRO",IF(V12<=19.8,"LOW",IF(V12<=99.8,"MEDIUM",IF(V12<=500,"HIGH",IF(V12>500,"SUPER HIGH",)))))),"") -> LOW
A13: =SUM(Q7:Q77,Q79:Q125) -> 251295 | B13: 0.79167824 | C13: =TEXT(IF($B13=0," ",$B13-C$6),"hh:mm am/pm") -> 17:00 001/p1 | D13: =TEXT(IF($B13=0," ",$B13-D$6),"hh:mm am/pm") -> 15:00 001/p1 | E13: =TEXT(IF($B13=0," ",$B13-E$6),"hh:mm am/pm") -> 16:00 001/p1 | F13: =TEXT(IF($B13=0," ",$B13-F$6),"hh:mm am/pm") -> 17:00 001/p1 | G13: =TEXT(IF($B13=0," ",$B13-G$6),"hh:mm am/pm") -> 18:00 001/p1 | H13: =TEXT(IF($B13=0," ",$B13+H$6),"hh:mm am/pm") -> 01:00 001/p1 | I13: =TEXT(IF($B13=0," ",$B13+I$6),"hh:mm am/pm") -> 06:00 001/p1 | J13: #AS 300K Monday HighS | L13: #AS Monday HighS | M13: Main Event | N13: NLH | O13: Progressive KO 1/2 | P13: 8 | Q13: 60000 | R13: n/a | T13: 15% Plus | U13: Only buy-in | V13: 150 | W13: 150 | X13: 60000 | Y13: No Limit | AA13: REENTRY | AB13: 5 min | AC13: 0.1 | AD13: 0.02 | AE13: Turbo | AF13: 50000 | AG13: 15 | AH13: 12 | AI13: 12 | AJ13: 14 | AK13: 2-10000 | AL13: Level 0 20% | AM13: Only for in-game players | AN13: Off - ilimitado | AO13: =IF(B13=0," ",TIME(,ROUNDDOWN(AG13*AJ13/60,0)*5+(AG13*AJ13),)+B13) -> 0.94792824 | AP13: =IF(Q13=0,,ROUNDUP(Q13/(V13*(1-AC13-AD13)),0)) -> 455 | AQ13: =IFERROR(IF(V13=0," ",IF(V13<=5,"MICRO",IF(V13<=19.8,"LOW",IF(V13<=99.8,"MEDIUM",IF(V13<=500,"HIGH",IF(V13>500,"SUPER HIGH",)))))),"") -> HIGH
B14: 0.79167824 | C14: =TEXT(IF($B14=0," ",$B14-C$6),"hh:mm am/pm") -> 17:00 001/p1 | D14: =TEXT(IF($B14=0," ",$B14-D$6),"hh:mm am/pm") -> 15:00 001/p1 | E14: =TEXT(IF($B14=0," ",$B14-E$6),"hh:mm am/pm") -> 16:00 001/p1 | F14: =TEXT(IF($B14=0," ",$B14-F$6),"hh:mm am/pm") -> 17:00 001/p1 | G14: =TEXT(IF($B14=0," ",$B14-G$6),"hh:mm am/pm") -> 18:00 001/p1 | H14: =TEXT(IF($B14=0," ",$B14+H$6),"hh:mm am/pm") -> 01:00 001/p1 | I14: =TEXT(IF($B14=0," ",$B14+I$6),"hh:mm am/pm") -> 06:00 001/p1 | J14: #AS 150K Battle HR+SPS | L14: #AS Battle HR+SPS | M14: Main Event | N14: NLH | O14: Progressive KO 1/2 | P14: 8 | Q14: 30300 | R14: 1 Ticket SPS 277-M M.E | T14: 15% Plus | U14: Only buy-in | V14: 50 | W14: 50 | X14: 60000 | Y14: No Limit | AA14: REENTRY | AB14: 5 min | AC14: 0.1 | AD14: 0.02 | AE14: Turbo | AF14: 50000 | AG14: 12 | AH14: 12 | AI14: 12 | AJ14: 15 | AK14: 2-10000 | AL14: Level 0 20% | AM14: Only for in-game players | AN14: Off - ilimitado | AO14: =IF(B14=0," ",TIME(,ROUNDDOWN(AG14*AJ14/60,0)*5+(AG14*AJ14),)+B14) -> 0.92709491 | AP14: =IF(Q14=0,,ROUNDUP(Q14/(V14*(1-AC14-AD14)),0)) -> 689 | AQ14: =IFERROR(IF(V14=0," ",IF(V14<=5,"MICRO",IF(V14<=19.8,"LOW",IF(V14<=99.8,"MEDIUM",IF(V14<=500,"HIGH",IF(V14>500,"SUPER HIGH",)))))),"") -> MEDIUM
A15: MONDAY | B15: 0.83334491 | C15: =TEXT(IF($B15=0," ",$B15-C$6),"hh:mm am/pm") -> 18:00 001/p1 | D15: =TEXT(IF($B15=0," ",$B15-D$6),"hh:mm am/pm") -> 16:00 001/p1 | E15: =TEXT(IF($B15=0," ",$B15-E$6),"hh:mm am/pm") -> 17:00 001/p1 | F15: =TEXT(IF($B15=0," ",$B15-F$6),"hh:mm am/pm") -> 18:00 001/p1 | G15: =TEXT(IF($B15=0," ",$B15-G$6),"hh:mm am/pm") -> 19:00 001/p1 | H15: =TEXT(IF($B15=0," ",$B15+H$6),"hh:mm am/pm") -> 02:00 001/p1 | I15: =TEXT(IF($B15=0," ",$B15+I$6),"hh:mm am/pm") -> 07:00 001/p1 | J15: #AS 60K OmaX HR | L15: #AS OmaX HR | M15: Main Event | N15: PLO5 | O15: Progressive KO 1/2 | P15: 6 | Q15: 12000 | R15: n/a | T15: 15% Plus | U15: Buy-in+Rebuy | V15: 110 | W15: 110 | X15: 60000 | Y15: No Limit | AA15: REENTRY | AB15: 5 min | AC15: 0.1 | AD15: 0.02 | AE15: Turbo | AF15: 50000 | AG15: 12 | AH15: 12 | AI15: 12 | AJ15: 15 | AK15: 2-10000 | AL15: Level 0 20% | AM15: Only for in-game players | AN15: Off - ilimitado | AO15: =IF(B15=0," ",TIME(,ROUNDDOWN(AG15*AJ15/60,0)*5+(AG15*AJ15),)+B15) -> 0.96876157 | AP15: =IF(Q15=0,,ROUNDUP(Q15/(V15*(1-AC15-AD15)),0)) -> 124 | AQ15: =IFERROR(IF(V15=0," ",IF(V15<=5,"MICRO",IF(V15<=19.8,"LOW",IF(V15<=99.8,"MEDIUM",IF(V15<=500,"HIGH",IF(V15>500,"SUPER HIGH",)))))),"") -> HIGH
B16: 0.83334491 | C16: =TEXT(IF($B16=0," ",$B16-C$6),"hh:mm am/pm") -> 18:00 001/p1 | D16: =TEXT(IF($B16=0," ",$B16-D$6),"hh:mm am/pm") -> 16:00 001/p1 | E16: =TEXT(IF($B16=0," ",$B16-E$6),"hh:mm am/pm") -> 17:00 001/p1 | F16: =TEXT(IF($B16=0," ",$B16-F$6),"hh:mm am/pm") -> 18:00 001/p1 | G16: =TEXT(IF($B16=0," ",$B16-G$6),"hh:mm am/pm") -> 19:00 001/p1 | H16: =TEXT(IF($B16=0," ",$B16+H$6),"hh:mm am/pm") -> 02:00 001/p1 | I16: =TEXT(IF($B16=0," ",$B16+I$6),"hh:mm am/pm") -> 07:00 001/p1 | J16: #AS 50K Big Mystery+SPS | L16: #AS Big Mystery+SPS | M16: Main Event | N16: NLH | O16: Mystery Bounty 1/2 | P16: 8 | Q16: 10200 | R16: 1 Ticket SPS 76-M Supremo | T16: 15% New | U16: Only buy-in | V16: 22 | W16: 22 | Y16: No Limit | AA16: REENTRY | AB16: 5 min | AC16: 0.1 | AD16: 0.02 | AE16: Hyper turbo | AF16: 60000 | AG16: 10 | AH16: 10 | AI16: 10 | AJ16: 14 | AK16: 2-10000 | AL16: Level 0 20% | AM16: Only for in-game players | AN16: Off - ilimitado | AO16: =IF(B16=0," ",TIME(,ROUNDDOWN(AG16*AJ16/60,0)*5+(AG16*AJ16),)+B16) -> 0.93751157 | AP16: =IF(Q16=0,,ROUNDUP(Q16/(V16*(1-AC16-AD16)),0)) -> 527 | AQ16: =IFERROR(IF(V16=0," ",IF(V16<=5,"MICRO",IF(V16<=19.8,"LOW",IF(V16<=99.8,"MEDIUM",IF(V16<=500,"HIGH",IF(V16>500,"SUPER HIGH",)))))),"") -> MEDIUM
C17: =TEXT(IF($B17=0," ",$B17-C$6),"hh:mm am/pm") | D17: =TEXT(IF($B17=0," ",$B17-D$6),"hh:mm am/pm") | E17: =TEXT(IF($B17=0," ",$B17-E$6),"hh:mm am/pm") | F17: =TEXT(IF($B17=0," ",$B17-F$6),"hh:mm am/pm") | G17: =TEXT(IF($B17=0," ",$B17-G$6),"hh:mm am/pm") | H17: =TEXT(IF($B17=0," ",$B17+H$6),"hh:mm am/pm") | I17: =TEXT(IF($B17=0," ",$B17+I$6),"hh:mm am/pm") | AO17: =IF(B17=0," ",TIME(,ROUNDDOWN(AG17*AJ17/60,0)*5+(AG17*AJ17),)+B17) | AP17: =IF(Q17=0,,ROUNDUP(Q17/(V17*(1-AC17-AD17)),0)) -> 0 | AQ17: =IFERROR(IF(V17=0," ",IF(V17<=5,"MICRO",IF(V17<=19.8,"LOW",IF(V17<=99.8,"MEDIUM",IF(V17<=500,"HIGH",IF(V17>500,"SUPER HIGH",)))))),"")
A18: MONDAY | B18: 1.1574074e-05 | C18: =TEXT(IF($B18=0," ",$B18-C$6),"hh:mm am/pm") -> #VALUE! | D18: =TEXT(IF($B18=0," ",$B18-D$6),"hh:mm am/pm") -> #VALUE! | E18: =TEXT(IF($B18=0," ",$B18-E$6),"hh:mm am/pm") -> #VALUE! | F18: =TEXT(IF($B18=0," ",$B18-F$6),"hh:mm am/pm") -> #VALUE! | G18: =TEXT(IF($B18=0," ",$B18-G$6),"hh:mm am/pm") -> #VALUE! | H18: =TEXT(IF($B18=0," ",$B18+H$6),"hh:mm am/pm") -> 06:00 001/p1 | I18: =TEXT(IF($B18=0," ",$B18+I$6),"hh:mm am/pm") -> 11:00 001/p1 | J18: #AS 6K Sonic+SPS | L18: #AS Sonic+SPS | M18: Side Event | N18: NLH | O18: OFF | P18: 6 | Q18: 1400 | R18: 1 Ticket SPS 76-M Supremo | T18: 15% New | U18: Buy-in+Rebuy | V18: 7 | W18: 7 | Y18: No limit + double rebuy | AA18: REENTRY | AB18: 5 min | AC18: 0.1 | AD18: 0.02 | AE18: Hyper turbo | AF18: 50000 | AG18: 6 | AH18: 5 | AI18: 5 | AJ18: 13 | AK18: 2-10000 | AL18: Level 0 20% | AM18: Only for in-game players | AN18: Off - ilimitado | AO18: =IF(B18=0," ",TIME(,ROUNDDOWN(AG18*AJ18/60,0)*5+(AG18*AJ18),)+B18) -> 0.057650463 | AP18: =IF(Q18=0,,ROUNDUP(Q18/(V18*(1-AC18-AD18)),0)) -> 228 | AQ18: =IFERROR(IF(V18=0," ",IF(V18<=5,"MICRO",IF(V18<=19.8,"LOW",IF(V18<=99.8,"MEDIUM",IF(V18<=500,"HIGH",IF(V18>500,"SUPER HIGH",)))))),"") -> LOW
B19: 1.1574074e-05 | C19: =TEXT(IF($B19=0," ",$B19-C$6),"hh:mm am/pm") -> #VALUE! | D19: =TEXT(IF($B19=0," ",$B19-D$6),"hh:mm am/pm") -> #VALUE! | E19: =TEXT(IF($B19=0," ",$B19-E$6),"hh:mm am/pm") -> #VALUE! | F19: =TEXT(IF($B19=0," ",$B19-F$6),"hh:mm am/pm") -> #VALUE! | G19: =TEXT(IF($B19=0," ",$B19-G$6),"hh:mm am/pm") -> #VALUE! | H19: =TEXT(IF($B19=0," ",$B19+H$6),"hh:mm am/pm") -> 06:00 001/p1 | I19: =TEXT(IF($B19=0," ",$B19+I$6),"hh:mm am/pm") -> 11:00 001/p1 | J19: 1.2K Omax K.O | L19: Omax K.O | M19: Side Event | N19: PLO5 | O19: Regular KO 1/3 | P19: 6 | Q19: 240 | R19: n/a | T19: 15% New | U19: Only buy-in | V19: 2 | W19: 2 | Y19: No Limit | AA19: REENTRY | AB19: 5 min | AC19: 0.1 | AD19: 0 | AE19: Hyper turbo | AF19: 60000 | AG19: 6 | AH19: 5 | AI19: 5 | AJ19: 12 | AK19: 2-10000 | AL19: Level 0 20% | AM19: Only for in-game players | AN19: Off - ilimitado | AO19: =IF(B19=0," ",TIME(,ROUNDDOWN(AG19*AJ19/60,0)*5+(AG19*AJ19),)+B19) -> 0.053483796 | AP19: =IF(Q19=0,,ROUNDUP(Q19/(V19*(1-AC19-AD19)),0)) -> 134 | AQ19: =IFERROR(IF(V19=0," ",IF(V19<=5,"MICRO",IF(V19<=19.8,"LOW",IF(V19<=99.8,"MEDIUM",IF(V19<=500,"HIGH",IF(V19>500,"SUPER HIGH",)))))),"") -> MICRO
B20: 0.013900463 | C20: =TEXT(IF($B20=0," ",$B20-C$6),"hh:mm am/pm") -> #VALUE! | D20: =TEXT(IF($B20=0," ",$B20-D$6),"hh:mm am/pm") -> #VALUE! | E20: =TEXT(IF($B20=0," ",$B20-E$6),"hh:mm am/pm") -> #VALUE! | F20: =TEXT(IF($B20=0," ",$B20-F$6),"hh:mm am/pm") -> #VALUE! | G20: =TEXT(IF($B20=0," ",$B20-G$6),"hh:mm am/pm") -> #VALUE! | H20: =TEXT(IF($B20=0," ",$B20+H$6),"hh:mm am/pm") -> 06:20 001/p1 | I20: =TEXT(IF($B20=0," ",$B20+I$6),"hh:mm am/pm") -> 11:20 001/p1 | J20: 600 Battle Turbo | L20: Battle Turbo | M20: Side Event | N20: NLH | O20: Regular KO 1/3 | P20: 9 | Q20: 120 | R20: n/a | T20: 15% New | U20: Only buy-in | V20: 1 | W20: 1 | Y20: No Limit | AA20: REENTRY | AB20: 5 min | AC20: 0.1 | AD20: 0 | AE20: Regular (padrão) | AF20: 15000 | AG20: 6 | AH20: 5 | AI20: 5 | AJ20: 13 | AK20: 2-10000 | AL20: Level 0 20% | AM20: Only for in-game players | AN20: Off - ilimitado | AO20: =IF(B20=0," ",TIME(,ROUNDDOWN(AG20*AJ20/60,0)*5+(AG20*AJ20),)+B20) -> 0.071539352 | AP20: =IF(Q20=0,,ROUNDUP(Q20/(V20*(1-AC20-AD20)),0)) -> 134 | AQ20: =IFERROR(IF(V20=0," ",IF(V20<=5,"MICRO",IF(V20<=19.8,"LOW",IF(V20<=99.8,"MEDIUM",IF(V20<=500,"HIGH",IF(V20>500,"SUPER HIGH",)))))),"") -> MICRO
A21: MONDAY | B21: 0.020844907 | C21: =TEXT(IF($B21=0," ",$B21-C$6),"hh:mm am/pm") -> #VALUE! | D21: =TEXT(IF($B21=0," ",$B21-D$6),"hh:mm am/pm") -> #VALUE! | E21: =TEXT(IF($B21=0," ",$B21-E$6),"hh:mm am/pm") -> #VALUE! | F21: =TEXT(IF($B21=0," ",$B21-F$6),"hh:mm am/pm") -> #VALUE! | G21: =TEXT(IF($B21=0," ",$B21-G$6),"hh:mm am/pm") -> #VALUE! | H21: =TEXT(IF($B21=0," ",$B21+H$6),"hh:mm am/pm") -> 06:30 001/p1 | I21: =TEXT(IF($B21=0," ",$B21+I$6),"hh:mm am/pm") -> 11:30 001/p1 | J21: 750 Plus | L21: Plus | M21: Side Event | N21: NLH | O21: OFF | P21: 9 | Q21: 150 | R21: n/a | T21: 20% Flat | U21: Only buy-in | V21: 0.4 | W21: 0.4 | Y21: No limit + double rebuy | Z21: 0.4 | AA21: 50000 | AB21: 5 min | AC21: 0.1 | AD21: 0 | AE21: Turbo | AF21: 30000 | AG21: 5 | AH21: 5 | AI21: 5 | AJ21: 13 | AK21: 2-10000 | AL21: Level 0 20% | AM21: Only for in-game players | AN21: Off - ilimitado | AO21: =IF(B21=0," ",TIME(,ROUNDDOWN(AG21*AJ21/60,0)*5+(AG21*AJ21),)+B21) -> 0.069456019 | AP21: =IF(Q21=0,,ROUNDUP(Q21/(V21*(1-AC21-AD21)),0)) -> 417 | AQ21: =IFERROR(IF(V21=0," ",IF(V21<=5,"MICRO",IF(V21<=19.8,"LOW",IF(V21<=99.8,"MEDIUM",IF(V21<=500,"HIGH",IF(V21>500,"SUPER HIGH",)))))),"") -> MICRO
B22: 0.020844907 | C22: =TEXT(IF($B22=0," ",$B22-C$6),"hh:mm am/pm") -> #VALUE! | D22: =TEXT(IF($B22=0," ",$B22-D$6),"hh:mm am/pm") -> #VALUE! | E22: =TEXT(IF($B22=0," ",$B22-E$6),"hh:mm am/pm") -> #VALUE! | F22: =TEXT(IF($B22=0," ",$B22-F$6),"hh:mm am/pm") -> #VALUE! | G22: =TEXT(IF($B22=0," ",$B22-G$6),"hh:mm am/pm") -> #VALUE! | H22: =TEXT(IF($B22=0," ",$B22+H$6),"hh:mm am/pm") -> 06:30 001/p1 | I22: =TEXT(IF($B22=0," ",$B22+I$6),"hh:mm am/pm") -> 11:30 001/p1 | J22: #AS 1.2K Omax | L22: #AS Omax | M22: Side Event | N22: PLO5 | O22: OFF | P22: 6 | Q22: 240 | R22: n/a | T22: 15% New | U22: Only buy-in | V22: 1 | W22: 1 | Y22: No limit + double rebuy | Z22: 1 | AA22: 70000 | AB22: 5 min | AC22: 0.1 | AD22: 0.02 | AE22: Hyper turbo | AF22: 30000 | AG22: 6 | AH22: 5 | AI22: 5 | AJ22: 12 | AK22: 2-10000 | AL22: Level 0 20% | AM22: Only for in-game players | AN22: Off - ilimitado | AO22: =IF(B22=0," ",TIME(,ROUNDDOWN(AG22*AJ22/60,0)*5+(AG22*AJ22),)+B22) -> 0.07431713 | AP22: =IF(Q22=0,,ROUNDUP(Q22/(V22*(1-AC22-AD22)),0)) -> 273 | AQ22: =IFERROR(IF(V22=0," ",IF(V22<=5,"MICRO",IF(V22<=19.8,"LOW",IF(V22<=99.8,"MEDIUM",IF(V22<=500,"HIGH",IF(V22>500,"SUPER HIGH",)))))),"") -> MICRO
B23: 0.041678241 | C23: =TEXT(IF($B23=0," ",$B23-C$6),"hh:mm am/pm") -> #VALUE! | D23: =TEXT(IF($B23=0," ",$B23-D$6),"hh:mm am/pm") -> #VALUE! | E23: =TEXT(IF($B23=0," ",$B23-E$6),"hh:mm am/pm") -> #VALUE! | F23: =TEXT(IF($B23=0," ",$B23-F$6),"hh:mm am/pm") -> #VALUE! | G23: =TEXT(IF($B23=0," ",$B23-G$6),"hh:mm am/pm") -> 00:00 001/p1 | H23: =TEXT(IF($B23=0," ",$B23+H$6),"hh:mm am/pm") -> 07:00 001/p1 | I23: =TEXT(IF($B23=0," ",$B23+I$6),"hh:mm am/pm") -> 12:00 001/p1 | J23: #AS 8K Plus | L23: #AS Plus | M23: Side Event | N23: NLH | O23: OFF | P23: 6 | Q23: 1600 | R23: n/a | T23: 15% Flat | U23: Buy-in+Rebuy | V23: 3 | W23: 3 | Y23: No limit + double rebuy | Z23: 3 | AA23: 160000 | AB23: 5 min | AC23: 0.1 | AD23: 0.02 | AE23: Hyper turbo | AF23: 40000 | AG23: 6 | AH23: 5 | AI23: 5 | AJ23: 13 | AK23: 2-10000 | AL23: Level 0 20% | AM23: Only for in-game players | AN23: Off - ilimitado | AO23: =IF(B23=0," ",TIME(,ROUNDDOWN(AG23*AJ23/60,0)*5+(AG23*AJ23),)+B23) -> 0.09931713 | AP23: =IF(Q23=0,,ROUNDUP(Q23/(V23*(1-AC23-AD23)),0)) -> 607 | AQ23: =IFERROR(IF(V23=0," ",IF(V23<=5,"MICRO",IF(V23<=19.8,"LOW",IF(V23<=99.8,"MEDIUM",IF(V23<=500,"HIGH",IF(V23>500,"SUPER HIGH",)))))),"") -> MICRO
A24: MONDAY | B24: 0.041678241 | C24: =TEXT(IF($B24=0," ",$B24-C$6),"hh:mm am/pm") -> #VALUE! | D24: =TEXT(IF($B24=0," ",$B24-D$6),"hh:mm am/pm") -> #VALUE! | E24: =TEXT(IF($B24=0," ",$B24-E$6),"hh:mm am/pm") -> #VALUE! | F24: =TEXT(IF($B24=0," ",$B24-F$6),"hh:mm am/pm") -> #VALUE! | G24: =TEXT(IF($B24=0," ",$B24-G$6),"hh:mm am/pm") -> 00:00 001/p1 | H24: =TEXT(IF($B24=0," ",$B24+H$6),"hh:mm am/pm") -> 07:00 001/p1 | I24: =TEXT(IF($B24=0," ",$B24+I$6),"hh:mm am/pm") -> 12:00 001/p1 | J24: #AS 2.5K Omax K.O | L24: #AS Omax K.O | M24: Side Event | N24: PLO4 | O24: Regular KO 1/3 | P24: 6 | Q24: 500 | R24: n/a | T24: 15% New | U24: Only buy-in | V24: 10 | W24: 10 | Y24: No Limit | AA24: REENTRY | AB24: 5 min | AC24: 0.1 | AD24: 0.02 | AE24: Turbo | AF24: 50000 | AG24: 6 | AH24: 5 | AI24: 5 | AJ24: 15 | AK24: 2-10000 | AL24: Level 0 20% | AM24: Only for in-game players | AN24: Off - ilimitado | AO24: =IF(B24=0," ",TIME(,ROUNDDOWN(AG24*AJ24/60,0)*5+(AG24*AJ24),)+B24) -> 0.10765046 | AP24: =IF(Q24=0,,ROUNDUP(Q24/(V24*(1-AC24-AD24)),0)) -> 57 | AQ24: =IFERROR(IF(V24=0," ",IF(V24<=5,"MICRO",IF(V24<=19.8,"LOW",IF(V24<=99.8,"MEDIUM",IF(V24<=500,"HIGH",IF(V24>500,"SUPER HIGH",)))))),"") -> LOW
B25: 0.062511574 | C25: =TEXT(IF($B25=0," ",$B25-C$6),"hh:mm am/pm") -> #VALUE! | D25: =TEXT(IF($B25=0," ",$B25-D$6),"hh:mm am/pm") -> #VALUE! | E25: =TEXT(IF($B25=0," ",$B25-E$6),"hh:mm am/pm") -> #VALUE! | F25: =TEXT(IF($B25=0," ",$B25-F$6),"hh:mm am/pm") -> #VALUE! | G25: =TEXT(IF($B25=0," ",$B25-G$6),"hh:mm am/pm") -> 00:30 001/p1 | H25: =TEXT(IF($B25=0," ",$B25+H$6),"hh:mm am/pm") -> 07:30 001/p1 | I25: =TEXT(IF($B25=0," ",$B25+I$6),"hh:mm am/pm") -> 12:30 001/p1 | J25: 500 Omax PKO | L25: Omax PKO | M25: Side Event | N25: PLO5 | O25: Progressive KO 1/2 | P25: 6 | Q25: 100 | R25: n/a | T25: 15% New | U25: Only buy-in | V25: 0.6 | W25: 0.6 | Y25: No Limit | AA25: REENTRY | AB25: 5 min | AC25: 0.1 | AD25: 0 | AE25: Turbo | AF25: 30000 | AG25: 5 | AH25: 5 | AI25: 5 | AJ25: 13 | AK25: 2-10000 | AL25: Level 0 20% | AM25: Only for in-game players | AN25: Off - ilimitado | AO25: =IF(B25=0," ",TIME(,ROUNDDOWN(AG25*AJ25/60,0)*5+(AG25*AJ25),)+B25) -> 0.11112269 | AP25: =IF(Q25=0,,ROUNDUP(Q25/(V25*(1-AC25-AD25)),0)) -> 186 | AQ25: =IFERROR(IF(V25=0," ",IF(V25<=5,"MICRO",IF(V25<=19.8,"LOW",IF(V25<=99.8,"MEDIUM",IF(V25<=500,"HIGH",IF(V25>500,"SUPER HIGH",)))))),"") -> MICRO
B26: 0.083344907 | C26: =TEXT(IF($B26=0," ",$B26-C$6),"hh:mm am/pm") -> 00:00 001/p1 | D26: =TEXT(IF($B26=0," ",$B26-D$6),"hh:mm am/pm") -> #VALUE! | E26: =TEXT(IF($B26=0," ",$B26-E$6),"hh:mm am/pm") -> #VALUE! | F26: =TEXT(IF($B26=0," ",$B26-F$6),"hh:mm am/pm") -> 00:00 001/p1 | G26: =TEXT(IF($B26=0," ",$B26-G$6),"hh:mm am/pm") -> 01:00 001/p1 | H26: =TEXT(IF($B26=0," ",$B26+H$6),"hh:mm am/pm") -> 08:00 001/p1 | I26: =TEXT(IF($B26=0," ",$B26+I$6),"hh:mm am/pm") -> 13:00 001/p1 | J26: #AS 5K Battle | L26: #AS Battle | M26: Side Event | N26: NLH | O26: Progressive KO 1/2 | P26: 8 | Q26: 1000 | R26: n/a | T26: 15% New | U26: Only buy-in | V26: 7 | W26: 7 | Y26: No Limit | AA26: REENTRY | AB26: 5 min | AC26: 0.1 | AD26: 0.02 | AE26: Hyper turbo | AF26: 40000 | AG26: 6 | AH26: 5 | AI26: 5 | AJ26: 13 | AK26: 2-10000 | AL26: Level 0 20% | AM26: Only for in-game players | AN26: Off - ilimitado | AO26: =IF(B26=0," ",TIME(,ROUNDDOWN(AG26*AJ26/60,0)*5+(AG26*AJ26),)+B26) -> 0.1409838 | AP26: =IF(Q26=0,,ROUNDUP(Q26/(V26*(1-AC26-AD26)),0)) -> 163 | AQ26: =IFERROR(IF(V26=0," ",IF(V26<=5,"MICRO",IF(V26<=19.8,"LOW",IF(V26<=99.8,"MEDIUM",IF(V26<=500,"HIGH",IF(V26>500,"SUPER HIGH",)))))),"") -> LOW
A27: MONDAY | B27: 0.10417824 | C27: =TEXT(IF($B27=0," ",$B27-C$6),"hh:mm am/pm") -> 00:30 001/p1 | D27: =TEXT(IF($B27=0," ",$B27-D$6),"hh:mm am/pm") -> #VALUE! | E27: =TEXT(IF($B27=0," ",$B27-E$6),"hh:mm am/pm") -> #VALUE! | F27: =TEXT(IF($B27=0," ",$B27-F$6),"hh:mm am/pm") -> 00:30 001/p1 | G27: =TEXT(IF($B27=0," ",$B27-G$6),"hh:mm am/pm") -> 01:30 001/p1 | H27: =TEXT(IF($B27=0," ",$B27+H$6),"hh:mm am/pm") -> 08:30 001/p1 | I27: =TEXT(IF($B27=0," ",$B27+I$6),"hh:mm am/pm") -> 13:30 001/p1 | J27: 1.2K Plus | L27: Plus | M27: Side Event | N27: NLH | O27: OFF | P27: 6 | Q27: 240 | R27: n/a | T27: 20% Flat | U27: Only buy-in | V27: 0.6 | W27: 0.6 | Y27: No limit + double rebuy | Z27: 0.8 | AA27: 100000 | AB27: 5 min | AC27: 0.1 | AD27: 0 | AE27: Hyper turbo | AF27: 50000 | AG27: 5 | AH27: 5 | AI27: 5 | AJ27: 13 | AK27: 2-10000 | AL27: Level 0 20% | AM27: Only for in-game players | AN27: Off - ilimitado | AO27: =IF(B27=0," ",TIME(,ROUNDDOWN(AG27*AJ27/60,0)*5+(AG27*AJ27),)+B27) -> 0.15278935 | AP27: =IF(Q27=0,,ROUNDUP(Q27/(V27*(1-AC27-AD27)),0)) -> 445 | AQ27: =IFERROR(IF(V27=0," ",IF(V27<=5,"MICRO",IF(V27<=19.8,"LOW",IF(V27<=99.8,"MEDIUM",IF(V27<=500,"HIGH",IF(V27>500,"SUPER HIGH",)))))),"") -> MICRO
B28: 0.13195602 | C28: =TEXT(IF($B28=0," ",$B28-C$6),"hh:mm am/pm") -> 01:10 001/p1 | D28: =TEXT(IF($B28=0," ",$B28-D$6),"hh:mm am/pm") -> #VALUE! | E28: =TEXT(IF($B28=0," ",$B28-E$6),"hh:mm am/pm") -> 00:10 001/p1 | F28: =TEXT(IF($B28=0," ",$B28-F$6),"hh:mm am/pm") -> 01:10 001/p1 | G28: =TEXT(IF($B28=0," ",$B28-G$6),"hh:mm am/pm") -> 02:10 001/p1 | H28: =TEXT(IF($B28=0," ",$B28+H$6),"hh:mm am/pm") -> 09:10 001/p1 | I28: =TEXT(IF($B28=0," ",$B28+I$6),"hh:mm am/pm") -> 14:10 001/p1 | J28: 800 Omax | L28: Omax | M28: Side Event | N28: PLO5 | O28: OFF | P28: 6 | Q28: 160 | R28: n/a | T28: 15% New | U28: Only buy-in | V28: 2 | W28: 2 | Y28: No limit + double rebuy | Z28: 2 | AA28: 75000 | AB28: 5 min | AC28: 0.1 | AD28: 0 | AE28: Hyper turbo | AF28: 30000 | AG28: 5 | AH28: 5 | AI28: 5 | AJ28: 12 | AK28: 2-10000 | AL28: Level 0 20% | AM28: Only for in-game players | AN28: Off - ilimitado | AO28: =IF(B28=0," ",TIME(,ROUNDDOWN(AG28*AJ28/60,0)*5+(AG28*AJ28),)+B28) -> 0.17709491 | AP28: =IF(Q28=0,,ROUNDUP(Q28/(V28*(1-AC28-AD28)),0)) -> 89 | AQ28: =IFERROR(IF(V28=0," ",IF(V28<=5,"MICRO",IF(V28<=19.8,"LOW",IF(V28<=99.8,"MEDIUM",IF(V28<=500,"HIGH",IF(V28>500,"SUPER HIGH",)))))),"") -> MICRO
B29: 0.13195602 | C29: =TEXT(IF($B29=0," ",$B29-C$6),"hh:mm am/pm") -> 01:10 001/p1 | D29: =TEXT(IF($B29=0," ",$B29-D$6),"hh:mm am/pm") -> #VALUE! | E29: =TEXT(IF($B29=0," ",$B29-E$6),"hh:mm am/pm") -> 00:10 001/p1 | F29: =TEXT(IF($B29=0," ",$B29-F$6),"hh:mm am/pm") -> 01:10 001/p1 | G29: =TEXT(IF($B29=0," ",$B29-G$6),"hh:mm am/pm") -> 02:10 001/p1 | H29: =TEXT(IF($B29=0," ",$B29+H$6),"hh:mm am/pm") -> 09:10 001/p1 | I29: =TEXT(IF($B29=0," ",$B29+I$6),"hh:mm am/pm") -> 14:10 001/p1 | J29: #AS 1.25K Battle | L29: #AS Battle | M29: Side Event | N29: NLH | O29: Progressive KO 1/2 | P29: 8 | Q29: 250 | R29: n/a | T29: 15% New | U29: Only buy-in | V29: 5 | W29: 5 | Y29: No Limit | AA29: REENTRY | AB29: 5 min | AC29: 0.1 | AD29: 0.02 | AE29: Hyper turbo | AF29: 30000 | AG29: 5 | AH29: 5 | AI29: 5 | AJ29: 12 | AK29: 2-10000 | AL29: Level 0 20% | AM29: Only for in-game players | AN29: Off - ilimitado | AO29: =IF(B29=0," ",TIME(,ROUNDDOWN(AG29*AJ29/60,0)*5+(AG29*AJ29),)+B29) -> 0.17709491 | AP29: =IF(Q29=0,,ROUNDUP(Q29/(V29*(1-AC29-AD29)),0)) -> 57 | AQ29: =IFERROR(IF(V29=0," ",IF(V29<=5,"MICRO",IF(V29<=19.8,"LOW",IF(V29<=99.8,"MEDIUM",IF(V29<=500,"HIGH",IF(V29>500,"SUPER HIGH",)))))),"") -> MICRO
A30: MONDAY | B30: 0.17362269 | C30: =TEXT(IF($B30=0," ",$B30-C$6),"hh:mm am/pm") -> 02:10 001/p1 | D30: =TEXT(IF($B30=0," ",$B30-D$6),"hh:mm am/pm") -> 00:10 001/p1 | E30: =TEXT(IF($B30=0," ",$B30-E$6),"hh:mm am/pm") -> 01:10 001/p1 | F30: =TEXT(IF($B30=0," ",$B30-F$6),"hh:mm am/pm") -> 02:10 001/p1 | G30: =TEXT(IF($B30=0," ",$B30-G$6),"hh:mm am/pm") -> 03:10 001/p1 | H30: =TEXT(IF($B30=0," ",$B30+H$6),"hh:mm am/pm") -> 10:10 001/p1 | I30: =TEXT(IF($B30=0," ",$B30+I$6),"hh:mm am/pm") -> 15:10 001/p1 | J30: #AS 1.25K Plus | L30: #AS Plus | M30: Side Event | N30: NLH | O30: OFF | P30: 8 | Q30: 250 | R30: n/a | T30: 20% Flat | U30: Only buy-in | V30: 2 | W30: 2 | Y30: No limit + double rebuy | Z30: 2 | AA30: 75000 | AB30: 5 min | AC30: 0.1 | AD30: 0.02 | AE30: Hyper turbo | AF30: 30000 | AG30: 5 | AH30: 5 | AI30: 5 | AJ30: 12 | AK30: 2-10000 | AL30: Level 0 20% | AM30: Only for in-game players | AN30: Off - ilimitado | AO30: =IF(B30=0," ",TIME(,ROUNDDOWN(AG30*AJ30/60,0)*5+(AG30*AJ30),)+B30) -> 0.21876157 | AP30: =IF(Q30=0,,ROUNDUP(Q30/(V30*(1-AC30-AD30)),0)) -> 143 | AQ30: =IFERROR(IF(V30=0," ",IF(V30<=5,"MICRO",IF(V30<=19.8,"LOW",IF(V30<=99.8,"MEDIUM",IF(V30<=500,"HIGH",IF(V30>500,"SUPER HIGH",)))))),"") -> MICRO
B31: 0.20834491 | C31: =TEXT(IF($B31=0," ",$B31-C$6),"hh:mm am/pm") -> 03:00 001/p1 | D31: =TEXT(IF($B31=0," ",$B31-D$6),"hh:mm am/pm") -> 01:00 001/p1 | E31: =TEXT(IF($B31=0," ",$B31-E$6),"hh:mm am/pm") -> 02:00 001/p1 | F31: =TEXT(IF($B31=0," ",$B31-F$6),"hh:mm am/pm") -> 03:00 001/p1 | G31: =TEXT(IF($B31=0," ",$B31-G$6),"hh:mm am/pm") -> 04:00 001/p1 | H31: =TEXT(IF($B31=0," ",$B31+H$6),"hh:mm am/pm") -> 11:00 001/p1 | I31: =TEXT(IF($B31=0," ",$B31+I$6),"hh:mm am/pm") -> 16:00 001/p1 | J31: 500 Bounty | L31: Bounty | M31: Side Event | N31: NLH | O31: Progressive KO 1/3 | P31: 8 | Q31: 100 | R31: n/a | T31: 15% New | U31: Only buy-in | V31: 1.6 | W31: 1.6 | Y31: No Limit | AA31: REENTRY | AB31: 5 min | AC31: 0.1 | AD31: 0 | AE31: Turbo | AF31: 40000 | AG31: 8 | AH31: 7 | AI31: 7 | AJ31: 14 | AK31: 2-10000 | AL31: Level 0 20% | AM31: Only for in-game players | AN31: Off - ilimitado | AO31: =IF(B31=0," ",TIME(,ROUNDDOWN(AG31*AJ31/60,0)*5+(AG31*AJ31),)+B31) -> 0.28959491 | AP31: =IF(Q31=0,,ROUNDUP(Q31/(V31*(1-AC31-AD31)),0)) -> 70 | AQ31: =IFERROR(IF(V31=0," ",IF(V31<=5,"MICRO",IF(V31<=19.8,"LOW",IF(V31<=99.8,"MEDIUM",IF(V31<=500,"HIGH",IF(V31>500,"SUPER HIGH",)))))),"") -> MICRO
B32: 0.21528935 | C32: =TEXT(IF($B32=0," ",$B32-C$6),"hh:mm am/pm") -> 03:10 001/p1 | D32: =TEXT(IF($B32=0," ",$B32-D$6),"hh:mm am/pm") -> 01:10 001/p1 | E32: =TEXT(IF($B32=0," ",$B32-E$6),"hh:mm am/pm") -> 02:10 001/p1 | F32: =TEXT(IF($B32=0," ",$B32-F$6),"hh:mm am/pm") -> 03:10 001/p1 | G32: =TEXT(IF($B32=0," ",$B32-G$6),"hh:mm am/pm") -> 04:10 001/p1 | H32: =TEXT(IF($B32=0," ",$B32+H$6),"hh:mm am/pm") -> 11:10 001/p1 | I32: =TEXT(IF($B32=0," ",$B32+I$6),"hh:mm am/pm") -> 16:10 001/p1 | J32: 1K Plus | L32: Plus | M32: Side Event | N32: NLH | O32: OFF | P32: 8 | Q32: 200 | R32: n/a | T32: 20% Flat | U32: Only buy-in | V32: 2 | W32: S | Y32: No limit + double rebuy | Z32: 2 | AA32: 80000 | AB32: 5 min | AC32: 0.1 | AD32: 0 | AE32: Hyper turbo | AF32: 40000 | AG32: 6 | AH32: 6 | AI32: 6 | AJ32: 13 | AK32: 2-10000 | AL32: Level 0 20% | AM32: Only for in-game players | AN32: Off - ilimitado | AO32: =IF(B32=0," ",TIME(,ROUNDDOWN(AG32*AJ32/60,0)*5+(AG32*AJ32),)+B32) -> 0.27292824 | AP32: =IF(Q32=0,,ROUNDUP(Q32/(V32*(1-AC32-AD32)),0)) -> 112 | AQ32: =IFERROR(IF(V32=0," ",IF(V32<=5,"MICRO",IF(V32<=19.8,"LOW",IF(V32<=99.8,"MEDIUM",IF(V32<=500,"HIGH",IF(V32>500,"SUPER HIGH",)))))),"") -> MICRO
B33: 0.25695602 | C33: =TEXT(IF($B33=0," ",$B33-C$6),"hh:mm am/pm") -> 04:10 001/p1 | D33: =TEXT(IF($B33=0," ",$B33-D$6),"hh:mm am/pm") -> 02:10 001/p1 | E33: =TEXT(IF($B33=0," ",$B33-E$6),"hh:mm am/pm") -> 03:10 001/p1 | F33: =TEXT(IF($B33=0," ",$B33-F$6),"hh:mm am/pm") -> 04:10 001/p1 | G33: =TEXT(IF($B33=0," ",$B33-G$6),"hh:mm am/pm") -> 05:10 001/p1 | H33: =TEXT(IF($B33=0," ",$B33+H$6),"hh:mm am/pm") -> 12:10 001/p1 | I33: =TEXT(IF($B33=0," ",$B33+I$6),"hh:mm am/pm") -> 17:10 001/p1 | J33: 500 Plus | L33: Plus | M33: Side Event | N33: NLH | O33: OFF | P33: 9 | Q33: 100 | R33: n/a | T33: 20% Flat | U33: Only buy-in | V33: 1 | W33: 1 | Y33: No limit + double rebuy | Z33: 1 | AA33: 80000 | AB33: 5 min | AC33: 0.1 | AD33: 0 | AE33: Hyper turbo | AF33: 40000 | AG33: 6 | AH33: 6 | AI33: 6 | AJ33: 13 | AK33: 2-10000 | AL33: Level 0 20% | AM33: Only for in-game players | AN33: Off - ilimitado | AO33: =IF(B33=0," ",TIME(,ROUNDDOWN(AG33*AJ33/60,0)*5+(AG33*AJ33),)+B33) -> 0.31459491 | AP33: =IF(Q33=0,,ROUNDUP(Q33/(V33*(1-AC33-AD33)),0)) -> 112 | AQ33: =IFERROR(IF(V33=0," ",IF(V33<=5,"MICRO",IF(V33<=19.8,"LOW",IF(V33<=99.8,"MEDIUM",IF(V33<=500,"HIGH",IF(V33>500,"SUPER HIGH",)))))),"") -> MICRO
B34: 0.29862269 | C34: =TEXT(IF($B34=0," ",$B34-C$6),"hh:mm am/pm") -> 05:10 001/p1 | D34: =TEXT(IF($B34=0," ",$B34-D$6),"hh:mm am/pm") -> 03:10 001/p1 | E34: =TEXT(IF($B34=0," ",$B34-E$6),"hh:mm am/pm") -> 04:10 001/p1 | F34: =TEXT(IF($B34=0," ",$B34-F$6),"hh:mm am/pm") -> 05:10 001/p1 | G34: =TEXT(IF($B34=0," ",$B34-G$6),"hh:mm am/pm") -> 06:10 001/p1 | H34: =TEXT(IF($B34=0," ",$B34+H$6),"hh:mm am/pm") -> 13:10 001/p1 | I34: =TEXT(IF($B34=0," ",$B34+I$6),"hh:mm am/pm") -> 18:10 001/p1 | J34: 500 Omax | L34: Omax | M34: Side Event | N34: PLO5 | O34: OFF | P34: 6 | Q34: 100 | R34: n/a | T34: 15% New | U34: Only buy-in | V34: 1 | W34: 1 | Y34: No limit + double rebuy | Z34: 1 | AA34: 75000 | AB34: 5 min | AC34: 0.1 | AD34: 0 | AE34: Hyper turbo | AF34: 30000 | AG34: 5 | AH34: 5 | AI34: 5 | AJ34: 12 | AK34: 2-10000 | AL34: Level 0 20% | AM34: Only for in-game players | AN34: Off - ilimitado | AO34: =IF(B34=0," ",TIME(,ROUNDDOWN(AG34*AJ34/60,0)*5+(AG34*AJ34),)+B34) -> 0.34376157 | AP34: =IF(Q34=0,,ROUNDUP(Q34/(V34*(1-AC34-AD34)),0)) -> 112 | AQ34: =IFERROR(IF(V34=0," ",IF(V34<=5,"MICRO",IF(V34<=19.8,"LOW",IF(V34<=99.8,"MEDIUM",IF(V34<=500,"HIGH",IF(V34>500,"SUPER HIGH",)))))),"") -> MICRO
B35: 0.32292824 | C35: =TEXT(IF($B35=0," ",$B35-C$6),"hh:mm am/pm") -> 05:45 001/p1 | D35: =TEXT(IF($B35=0," ",$B35-D$6),"hh:mm am/pm") -> 03:45 001/p1 | E35: =TEXT(IF($B35=0," ",$B35-E$6),"hh:mm am/pm") -> 04:45 001/p1 | F35: =TEXT(IF($B35=0," ",$B35-F$6),"hh:mm am/pm") -> 05:45 001/p1 | G35: =TEXT(IF($B35=0," ",$B35-G$6),"hh:mm am/pm") -> 06:45 001/p1 | H35: =TEXT(IF($B35=0," ",$B35+H$6),"hh:mm am/pm") -> 13:45 001/p1 | I35: =TEXT(IF($B35=0," ",$B35+I$6),"hh:mm am/pm") -> 18:45 001/p1 | J35: #AS 1.5K Omax PKO | L35: #AS Omax PKO | M35: Side Event | N35: PLO4 | O35: Progressive KO 1/2 | P35: 6 | Q35: 300 | R35: n/a | T35: 15% New | U35: Only buy-in | V35: 3 | W35: 3 | Y35: No Limit | AA35: REENTRY | AB35: 5 min | AC35: 0.1 | AD35: 0.02 | AE35: Turbo | AF35: 40000 | AG35: 10 | AH35: 8 | AI35: 8 | AJ35: 14 | AK35: 2-10000 | AL35: Level 0 20% | AM35: Only for in-game players | AN35: Off - ilimitado | AO35: =IF(B35=0," ",TIME(,ROUNDDOWN(AG35*AJ35/60,0)*5+(AG35*AJ35),)+B35) -> 0.42709491 | AP35: =IF(Q35=0,,ROUNDUP(Q35/(V35*(1-AC35-AD35)),0)) -> 114 | AQ35: =IFERROR(IF(V35=0," ",IF(V35<=5,"MICRO",IF(V35<=19.8,"LOW",IF(V35<=99.8,"MEDIUM",IF(V35<=500,"HIGH",IF(V35>500,"SUPER HIGH",)))))),"") -> MICRO
B36: 0.33334491 | C36: =TEXT(IF($B36=0," ",$B36-C$6),"hh:mm am/pm") -> 06:00 001/p1 | D36: =TEXT(IF($B36=0," ",$B36-D$6),"hh:mm am/pm") -> 04:00 001/p1 | E36: =TEXT(IF($B36=0," ",$B36-E$6),"hh:mm am/pm") -> 05:00 001/p1 | F36: =TEXT(IF($B36=0," ",$B36-F$6),"hh:mm am/pm") -> 06:00 001/p1 | G36: =TEXT(IF($B36=0," ",$B36-G$6),"hh:mm am/pm") -> 07:00 001/p1 | H36: =TEXT(IF($B36=0," ",$B36+H$6),"hh:mm am/pm") -> 14:00 001/p1 | I36: =TEXT(IF($B36=0," ",$B36+I$6),"hh:mm am/pm") -> 19:00 001/p1 | J36: #AS 2.5K Plus | L36: #AS Plus | M36: Side Event | N36: NLH | O36: OFF | P36: 9 | Q36: 500 | R36: n/a | T36: 20% Flat | U36: Only buy-in | V36: 1 | W36: 1 | Y36: No limit + double rebuy | Z36: 1 | AA36: 120000 | AB36: 5 min | AC36: 0.1 | AD36: 0.02 | AE36: Turbo | AF36: 40000 | AG36: 8 | AH36: 7 | AI36: 7 | AJ36: 15 | AK36: 2-10000 | AL36: Level 0 20% | AM36: Only for in-game players | AN36: Off - ilimitado | AO36: =IF(B36=0," ",TIME(,ROUNDDOWN(AG36*AJ36/60,0)*5+(AG36*AJ36),)+B36) -> 0.42362269 | AP36: =IF(Q36=0,,ROUNDUP(Q36/(V36*(1-AC36-AD36)),0)) -> 569 | AQ36: =IFERROR(IF(V36=0," ",IF(V36<=5,"MICRO",IF(V36<=19.8,"LOW",IF(V36<=99.8,"MEDIUM",IF(V36<=500,"HIGH",IF(V36>500,"SUPER HIGH",)))))),"") -> MICRO
A37: MONDAY | B37: 0.3472338 | C37: =TEXT(IF($B37=0," ",$B37-C$6),"hh:mm am/pm") -> 06:20 001/p1 | D37: =TEXT(IF($B37=0," ",$B37-D$6),"hh:mm am/pm") -> 04:20 001/p1 | E37: =TEXT(IF($B37=0," ",$B37-E$6),"hh:mm am/pm") -> 05:20 001/p1 | F37: =TEXT(IF($B37=0," ",$B37-F$6),"hh:mm am/pm") -> 06:20 001/p1 | G37: =TEXT(IF($B37=0," ",$B37-G$6),"hh:mm am/pm") -> 07:20 001/p1 | H37: =TEXT(IF($B37=0," ",$B37+H$6),"hh:mm am/pm") -> 14:20 001/p1 | I37: =TEXT(IF($B37=0," ",$B37+I$6),"hh:mm am/pm") -> 19:20 001/p1 | J37: 300 Plus | L37: Plus | M37: Side Event | N37: NLH | O37: OFF | P37: 9 | Q37: 60 | R37: n/a | T37: 15% Flat | U37: Only buy-in | V37: 0.2 | W37: 0.2 | Y37: No limit + double rebuy | Z37: 0.2 | AA37: 50000 | AB37: 5 min | AC37: 0.1 | AD37: 0 | AE37: Turbo | AF37: 20000 | AG37: 6 | AH37: 5 | AI37: 5 | AJ37: 13 | AK37: 2-10000 | AL37: Level 0 20% | AM37: Only for in-game players | AN37: Off - ilimitado | AO37: =IF(B37=0," ",TIME(,ROUNDDOWN(AG37*AJ37/60,0)*5+(AG37*AJ37),)+B37) -> 0.40487269 | AP37: =IF(Q37=0,,ROUNDUP(Q37/(V37*(1-AC37-AD37)),0)) -> 334 | AQ37: =IFERROR(IF(V37=0," ",IF(V37<=5,"MICRO",IF(V37<=19.8,"LOW",IF(V37<=99.8,"MEDIUM",IF(V37<=500,"HIGH",IF(V37>500,"SUPER HIGH",)))))),"") -> MICRO
B38: 0.37501157 | C38: =TEXT(IF($B38=0," ",$B38-C$6),"hh:mm am/pm") -> 07:00 001/p1 | D38: =TEXT(IF($B38=0," ",$B38-D$6),"hh:mm am/pm") -> 05:00 001/p1 | E38: =TEXT(IF($B38=0," ",$B38-E$6),"hh:mm am/pm") -> 06:00 001/p1 | F38: =TEXT(IF($B38=0," ",$B38-F$6),"hh:mm am/pm") -> 07:00 001/p1 | G38: =TEXT(IF($B38=0," ",$B38-G$6),"hh:mm am/pm") -> 08:00 001/p1 | H38: =TEXT(IF($B38=0," ",$B38+H$6),"hh:mm am/pm") -> 15:00 001/p1 | I38: =TEXT(IF($B38=0," ",$B38+I$6),"hh:mm am/pm") -> 20:00 001/p1 | J38: 750 Bounty | L38: Bounty | M38: Side Event | N38: NLH | O38: Progressive KO 1/3 | P38: 8 | Q38: 150 | R38: n/a | T38: 15% New | U38: Only buy-in | V38: 1.5 | W38: 1.5 | X38: 60000 | Y38: No Limit | AA38: REENTRY | AB38: 5 min | AC38: 0.1 | AD38: 0 | AE38: Turbo | AF38: 50000 | AG38: 8 | AH38: 7 | AI38: 7 | AJ38: 15 | AK38: 2-10000 | AL38: Level 0 20% | AM38: Only for in-game players | AN38: Off - ilimitado | AO38: =IF(B38=0," ",TIME(,ROUNDDOWN(AG38*AJ38/60,0)*5+(AG38*AJ38),)+B38) -> 0.46528935 | AP38: =IF(Q38=0,,ROUNDUP(Q38/(V38*(1-AC38-AD38)),0)) -> 112 | AQ38: =IFERROR(IF(V38=0," ",IF(V38<=5,"MICRO",IF(V38<=19.8,"LOW",IF(V38<=99.8,"MEDIUM",IF(V38<=500,"HIGH",IF(V38>500,"SUPER HIGH",)))))),"") -> MICRO
B39: 0.37501157 | C39: =TEXT(IF($B39=0," ",$B39-C$6),"hh:mm am/pm") -> 07:00 001/p1 | D39: =TEXT(IF($B39=0," ",$B39-D$6),"hh:mm am/pm") -> 05:00 001/p1 | E39: =TEXT(IF($B39=0," ",$B39-E$6),"hh:mm am/pm") -> 06:00 001/p1 | F39: =TEXT(IF($B39=0," ",$B39-F$6),"hh:mm am/pm") -> 07:00 001/p1 | G39: =TEXT(IF($B39=0," ",$B39-G$6),"hh:mm am/pm") -> 08:00 001/p1 | H39: =TEXT(IF($B39=0," ",$B39+H$6),"hh:mm am/pm") -> 15:00 001/p1 | I39: =TEXT(IF($B39=0," ",$B39+I$6),"hh:mm am/pm") -> 20:00 001/p1 | J39: 500 Omax | L39: Omax | M39: Side Event | N39: PLO4 | O39: OFF | P39: 6 | Q39: 100 | R39: n/a | T39: 15% New | U39: Only buy-in | V39: 1 | W39: 1 | Y39: No limit + double rebuy | Z39: 1 | AA39: 80000 | AB39: 5 min | AC39: 0.1 | AD39: 0 | AE39: Hyper turbo | AF39: 40000 | AG39: 7 | AH39: 7 | AI39: 7 | AJ39: 13 | AK39: 2-10000 | AL39: Level 0 20% | AM39: Only for in-game players | AN39: Off - ilimitado | AO39: =IF(B39=0," ",TIME(,ROUNDDOWN(AG39*AJ39/60,0)*5+(AG39*AJ39),)+B39) -> 0.44167824 | AP39: =IF(Q39=0,,ROUNDUP(Q39/(V39*(1-AC39-AD39)),0)) -> 112 | AQ39: =IFERROR(IF(V39=0," ",IF(V39<=5,"MICRO",IF(V39<=19.8,"LOW",IF(V39<=99.8,"MEDIUM",IF(V39<=500,"HIGH",IF(V39>500,"SUPER HIGH",)))))),"") -> MICRO
A40: MONDAY | B40: 0.41667824 | C40: =TEXT(IF($B40=0," ",$B40-C$6),"hh:mm am/pm") -> 08:00 001/p1 | D40: =TEXT(IF($B40=0," ",$B40-D$6),"hh:mm am/pm") -> 06:00 001/p1 | E40: =TEXT(IF($B40=0," ",$B40-E$6),"hh:mm am/pm") -> 07:00 001/p1 | F40: =TEXT(IF($B40=0," ",$B40-F$6),"hh:mm am/pm") -> 08:00 001/p1 | G40: =TEXT(IF($B40=0," ",$B40-G$6),"hh:mm am/pm") -> 09:00 001/p1 | H40: =TEXT(IF($B40=0," ",$B40+H$6),"hh:mm am/pm") -> 16:00 001/p1 | I40: =TEXT(IF($B40=0," ",$B40+I$6),"hh:mm am/pm") -> 21:00 001/p1 | J40: #AS 4K Battle | L40: #AS Battle | M40: Side Event | N40: NLH | O40: Regular KO 1/2 | P40: 8 | Q40: 800 | R40: n/a | T40: 15% New | U40: Only buy-in | V40: 6 | W40: 6 | Y40: No Limit | AA40: REENTRY | AB40: 5 min | AC40: 0.1 | AD40: 0.02 | AE40: Turbo | AF40: 40000 | AG40: 10 | AH40: 8 | AI40: 8 | AJ40: 14 | AK40: 2-10000 | AL40: Level 0 20% | AM40: Only for in-game players | AN40: Off - ilimitado | AO40: =IF(B40=0," ",TIME(,ROUNDDOWN(AG40*AJ40/60,0)*5+(AG40*AJ40),)+B40) -> 0.52084491 | AP40: =IF(Q40=0,,ROUNDUP(Q40/(V40*(1-AC40-AD40)),0)) -> 152 | AQ40: =IFERROR(IF(V40=0," ",IF(V40<=5,"MICRO",IF(V40<=19.8,"LOW",IF(V40<=99.8,"MEDIUM",IF(V40<=500,"HIGH",IF(V40>500,"SUPER HIGH",)))))),"") -> LOW
B41: 0.41667824 | C41: =TEXT(IF($B41=0," ",$B41-C$6),"hh:mm am/pm") -> 08:00 001/p1 | D41: =TEXT(IF($B41=0," ",$B41-D$6),"hh:mm am/pm") -> 06:00 001/p1 | E41: =TEXT(IF($B41=0," ",$B41-E$6),"hh:mm am/pm") -> 07:00 001/p1 | F41: =TEXT(IF($B41=0," ",$B41-F$6),"hh:mm am/pm") -> 08:00 001/p1 | G41: =TEXT(IF($B41=0," ",$B41-G$6),"hh:mm am/pm") -> 09:00 001/p1 | H41: =TEXT(IF($B41=0," ",$B41+H$6),"hh:mm am/pm") -> 16:00 001/p1 | I41: =TEXT(IF($B41=0," ",$B41+I$6),"hh:mm am/pm") -> 21:00 001/p1 | J41: 1K Plus | L41: Plus | M41: Side Event | N41: NLH | O41: OFF | P41: 9 | Q41: 200 | R41: n/a | T41: 20% Flat | U41: Only buy-in | V41: 0.4 | W41: 0.4 | Y41: No limit + double rebuy | Z41: 0.4 | AA41: 80000 | AB41: 5 min | AC41: 0.1 | AD41: 0 | AE41: Turbo | AF41: 40000 | AG41: 7 | AH41: 6 | AI41: 6 | AJ41: 15 | AK41: 2-10000 | AL41: Level 0 20% | AM41: Only for in-game players | AN41: Off - ilimitado | AO41: =IF(B41=0," ",TIME(,ROUNDDOWN(AG41*AJ41/60,0)*5+(AG41*AJ41),)+B41) -> 0.49306713 | AP41: =IF(Q41=0,,ROUNDUP(Q41/(V41*(1-AC41-AD41)),0)) -> 556 | AQ41: =IFERROR(IF(V41=0," ",IF(V41<=5,"MICRO",IF(V41<=19.8,"LOW",IF(V41<=99.8,"MEDIUM",IF(V41<=500,"HIGH",IF(V41>500,"SUPER HIGH",)))))),"") -> MICRO
B42: 0.41667824 | C42: =TEXT(IF($B42=0," ",$B42-C$6),"hh:mm am/pm") -> 08:00 001/p1 | D42: =TEXT(IF($B42=0," ",$B42-D$6),"hh:mm am/pm") -> 06:00 001/p1 | E42: =TEXT(IF($B42=0," ",$B42-E$6),"hh:mm am/pm") -> 07:00 001/p1 | F42: =TEXT(IF($B42=0," ",$B42-F$6),"hh:mm am/pm") -> 08:00 001/p1 | G42: =TEXT(IF($B42=0," ",$B42-G$6),"hh:mm am/pm") -> 09:00 001/p1 | H42: =TEXT(IF($B42=0," ",$B42+H$6),"hh:mm am/pm") -> 16:00 001/p1 | I42: =TEXT(IF($B42=0," ",$B42+I$6),"hh:mm am/pm") -> 21:00 001/p1 | J42: #AS 3K Plus | L42: #AS Plus | M42: Side Event | N42: NLH | O42: OFF | P42: 9 | Q42: 600 | R42: n/a | T42: 20% Flat | U42: Only buy-in | V42: 1.6 | W42: 1.6 | Y42: No limit + double rebuy | Z42: 1.6 | AA42: 160000 | AB42: 5 min | AC42: 0.1 | AD42: 0.02 | AE42: Turbo | AF42: 40000 | AG42: 8 | AH42: 7 | AI42: 7 | AJ42: 15 | AK42: 2-10000 | AL42: Level 0 20% | AM42: Only for in-game players | AN42: Off - ilimitado | AO42: =IF(B42=0," ",TIME(,ROUNDDOWN(AG42*AJ42/60,0)*5+(AG42*AJ42),)+B42) -> 0.50695602 | AP42: =IF(Q42=0,,ROUNDUP(Q42/(V42*(1-AC42-AD42)),0)) -> 427 | AQ42: =IFERROR(IF(V42=0," ",IF(V42<=5,"MICRO",IF(V42<=19.8,"LOW",IF(V42<=99.8,"MEDIUM",IF(V42<=500,"HIGH",IF(V42>500,"SUPER HIGH",)))))),"") -> MICRO
A43: MONDAY | B43: 0.43751157 | C43: =TEXT(IF($B43=0," ",$B43-C$6),"hh:mm am/pm") -> 08:30 001/p1 | D43: =TEXT(IF($B43=0," ",$B43-D$6),"hh:mm am/pm") -> 06:30 001/p1 | E43: =TEXT(IF($B43=0," ",$B43-E$6),"hh:mm am/pm") -> 07:30 001/p1 | F43: =TEXT(IF($B43=0," ",$B43-F$6),"hh:mm am/pm") -> 08:30 001/p1 | G43: =TEXT(IF($B43=0," ",$B43-G$6),"hh:mm am/pm") -> 09:30 001/p1 | H43: =TEXT(IF($B43=0," ",$B43+H$6),"hh:mm am/pm") -> 16:30 001/p1 | I43: =TEXT(IF($B43=0," ",$B43+I$6),"hh:mm am/pm") -> 21:30 001/p1 | J43: #AS 2K Omax | L43: #AS Omax | M43: Side Event | N43: PLO5 | O43: OFF | P43: 6 | Q43: 400 | R43: n/a | T43: 15% New | U43: Only buy-in | V43: 3 | W43: 3 | Y43: No limit + double rebuy | Z43: 3 | AA43: 100000 | AB43: 5 min | AC43: 0.1 | AD43: 0.02 | AE43: Hyper turbo | AF43: 40000 | AG43: 8 | AH43: 7 | AI43: 7 | AJ43: 13 | AK43: 2-10000 | AL43: Level 0 20% | AM43: Only for in-game players | AN43: Off - ilimitado | AO43: =IF(B43=0," ",TIME(,ROUNDDOWN(AG43*AJ43/60,0)*5+(AG43*AJ43),)+B43) -> 0.51320602 | AP43: =IF(Q43=0,,ROUNDUP(Q43/(V43*(1-AC43-AD43)),0)) -> 152 | AQ43: =IFERROR(IF(V43=0," ",IF(V43<=5,"MICRO",IF(V43<=19.8,"LOW",IF(V43<=99.8,"MEDIUM",IF(V43<=500,"HIGH",IF(V43>500,"SUPER HIGH",)))))),"") -> MICRO
B44: 0.45834491 | C44: =TEXT(IF($B44=0," ",$B44-C$6),"hh:mm am/pm") -> 09:00 001/p1 | D44: =TEXT(IF($B44=0," ",$B44-D$6),"hh:mm am/pm") -> 07:00 001/p1 | E44: =TEXT(IF($B44=0," ",$B44-E$6),"hh:mm am/pm") -> 08:00 001/p1 | F44: =TEXT(IF($B44=0," ",$B44-F$6),"hh:mm am/pm") -> 09:00 001/p1 | G44: =TEXT(IF($B44=0," ",$B44-G$6),"hh:mm am/pm") -> 10:00 001/p1 | H44: =TEXT(IF($B44=0," ",$B44+H$6),"hh:mm am/pm") -> 17:00 001/p1 | I44: =TEXT(IF($B44=0," ",$B44+I$6),"hh:mm am/pm") -> 22:00 001/p1 | J44: #AS 15K Plus+SPS | L44: #AS Plus+SPS | M44: Side Event | N44: NLH | O44: OFF | P44: 9 | Q44: 3200 | R44: 1 Ticket SPS 76-M Supremo | T44: 20% Flat | U44: Only buy-in | V44: 3 | W44: 3 | Y44: No limit + double rebuy | Z44: 3 | AA44: 160000 | AB44: 5 min | AC44: 0.1 | AD44: 0.02 | AE44: Turbo | AF44: 40000 | AG44: 10 | AH44: 8 | AI44: 8 | AJ44: 15 | AK44: 2-10000 | AL44: Level 0 20% | AM44: Only for in-game players | AN44: Off - ilimitado | AO44: =IF(B44=0," ",TIME(,ROUNDDOWN(AG44*AJ44/60,0)*5+(AG44*AJ44),)+B44) -> 0.56945602 | AP44: =IF(Q44=0,,ROUNDUP(Q44/(V44*(1-AC44-AD44)),0)) -> 1213 | AQ44: =IFERROR(IF(V44=0," ",IF(V44<=5,"MICRO",IF(V44<=19.8,"LOW",IF(V44<=99.8,"MEDIUM",IF(V44<=500,"HIGH",IF(V44>500,"SUPER HIGH",)))))),"") -> MICRO
A45: MONDAY | B45: 0.45834491 | C45: =TEXT(IF($B45=0," ",$B45-C$6),"hh:mm am/pm") -> 09:00 001/p1 | D45: =TEXT(IF($B45=0," ",$B45-D$6),"hh:mm am/pm") -> 07:00 001/p1 | E45: =TEXT(IF($B45=0," ",$B45-E$6),"hh:mm am/pm") -> 08:00 001/p1 | F45: =TEXT(IF($B45=0," ",$B45-F$6),"hh:mm am/pm") -> 09:00 001/p1 | G45: =TEXT(IF($B45=0," ",$B45-G$6),"hh:mm am/pm") -> 10:00 001/p1 | H45: =TEXT(IF($B45=0," ",$B45+H$6),"hh:mm am/pm") -> 17:00 001/p1 | I45: =TEXT(IF($B45=0," ",$B45+I$6),"hh:mm am/pm") -> 22:00 001/p1 | J45: 600 Omax | L45: Omax | M45: Side Event | N45: PLO4 | O45: OFF | P45: 6 | Q45: 120 | R45: n/a | T45: 15% New | U45: Only buy-in | V45: 0.8 | W45: 0.8 | Y45: No limit + double rebuy | Z45: 1 | AA45: 100000 | AB45: 5 min | AC45: 0.1 | AD45: 0 | AE45: Turbo | AF45: 40000 | AG45: 8 | AH45: 7 | AI45: 7 | AJ45: 15 | AK45: 2-10000 | AL45: Level 0 20% | AM45: Only for in-game players | AN45: Off - ilimitado | AO45: =IF(B45=0," ",TIME(,ROUNDDOWN(AG45*AJ45/60,0)*5+(AG45*AJ45),)+B45) -> 0.54862269 | AP45: =IF(Q45=0,,ROUNDUP(Q45/(V45*(1-AC45-AD45)),0)) -> 167 | AQ45: =IFERROR(IF(V45=0," ",IF(V45<=5,"MICRO",IF(V45<=19.8,"LOW",IF(V45<=99.8,"MEDIUM",IF(V45<=500,"HIGH",IF(V45>500,"SUPER HIGH",)))))),"") -> MICRO
B46: 0.45834491 | C46: =TEXT(IF($B46=0," ",$B46-C$6),"hh:mm am/pm") -> 09:00 001/p1 | D46: =TEXT(IF($B46=0," ",$B46-D$6),"hh:mm am/pm") -> 07:00 001/p1 | E46: =TEXT(IF($B46=0," ",$B46-E$6),"hh:mm am/pm") -> 08:00 001/p1 | F46: =TEXT(IF($B46=0," ",$B46-F$6),"hh:mm am/pm") -> 09:00 001/p1 | G46: =TEXT(IF($B46=0," ",$B46-G$6),"hh:mm am/pm") -> 10:00 001/p1 | H46: =TEXT(IF($B46=0," ",$B46+H$6),"hh:mm am/pm") -> 17:00 001/p1 | I46: =TEXT(IF($B46=0," ",$B46+I$6),"hh:mm am/pm") -> 22:00 001/p1 | J46: Sit&go 200p max. | L46: Sit&go 200p max. | M46: Side Event | N46: NLH | O46: OFF | P46: 9 | Q46: 40 | R46: n/a | T46: 15% New | U46: Only buy-in | V46: 0.6 | W46: 0.6 | Y46: No Limit | Z46: 0.6 | AA46: 30000 | AB46: 5 min | AC46: 0.1 | AD46: 0 | AE46: Regular (padrão) | AF46: 20000 | AG46: 5 | AH46: 5 | AI46: 5 | AJ46: 15 | AK46: 2-200 | AL46: Level 0 20% | AM46: Only for in-game players | AN46: Off - ilimitado | AO46: =IF(B46=0," ",TIME(,ROUNDDOWN(AG46*AJ46/60,0)*5+(AG46*AJ46),)+B46) -> 0.51390046 | AP46: =IF(Q46=0,,ROUNDUP(Q46/(V46*(1-AC46-AD46)),0)) -> 75 | AQ46: =IFERROR(IF(V46=0," ",IF(V46<=5,"MICRO",IF(V46<=19.8,"LOW",IF(V46<=99.8,"MEDIUM",IF(V46<=500,"HIGH",IF(V46>500,"SUPER HIGH",)))))),"") -> MICRO
B47: 0.50001157 | C47: =TEXT(IF($B47=0," ",$B47-C$6),"hh:mm am/pm") -> 10:00 001/p1 | D47: =TEXT(IF($B47=0," ",$B47-D$6),"hh:mm am/pm") -> 08:00 001/p1 | E47: =TEXT(IF($B47=0," ",$B47-E$6),"hh:mm am/pm") -> 09:00 001/p1 | F47: =TEXT(IF($B47=0," ",$B47-F$6),"hh:mm am/pm") -> 10:00 001/p1 | G47: =TEXT(IF($B47=0," ",$B47-G$6),"hh:mm am/pm") -> 11:00 001/p1 | H47: =TEXT(IF($B47=0," ",$B47+H$6),"hh:mm am/pm") -> 18:00 001/p1 | I47: =TEXT(IF($B47=0," ",$B47+I$6),"hh:mm am/pm") -> 23:00 001/p1 | J47: #AS 3K Big Mystery | L47: #AS Big Mystery | M47: Side Event | N47: NLH | O47: Mystery Bounty 1/2 | P47: 9 | Q47: 600 | R47: n/a | T47: 15% New | U47: Only buy-in | V47: 2 | W47: 2 | Y47: No Limit | AA47: REENTRY | AB47: 5 min | AC47: 0.1 | AD47: 0.02 | AE47: Hyper turbo | AF47: 60000 | AG47: 10 | AH47: 8 | AI47: 8 | AJ47: 14 | AK47: 2-10000 | AL47: Level 0 20% | AM47: Only for in-game players | AN47: Off - ilimitado | AO47: =IF(B47=0," ",TIME(,ROUNDDOWN(AG47*AJ47/60,0)*5+(AG47*AJ47),)+B47) -> 0.60417824 | AP47: =IF(Q47=0,,ROUNDUP(Q47/(V47*(1-AC47-AD47)),0)) -> 341 | AQ47: =IFERROR(IF(V47=0," ",IF(V47<=5,"MICRO",IF(V47<=19.8,"LOW",IF(V47<=99.8,"MEDIUM",IF(V47<=500,"HIGH",IF(V47>500,"SUPER HIGH",)))))),"") -> MICRO
A48: MONDAY | B48: 0.50001157 | C48: =TEXT(IF($B48=0," ",$B48-C$6),"hh:mm am/pm") -> 10:00 001/p1 | D48: =TEXT(IF($B48=0," ",$B48-D$6),"hh:mm am/pm") -> 08:00 001/p1 | E48: =TEXT(IF($B48=0," ",$B48-E$6),"hh:mm am/pm") -> 09:00 001/p1 | F48: =TEXT(IF($B48=0," ",$B48-F$6),"hh:mm am/pm") -> 10:00 001/p1 | G48: =TEXT(IF($B48=0," ",$B48-G$6),"hh:mm am/pm") -> 11:00 001/p1 | H48: =TEXT(IF($B48=0," ",$B48+H$6),"hh:mm am/pm") -> 18:00 001/p1 | I48: =TEXT(IF($B48=0," ",$B48+I$6),"hh:mm am/pm") -> 23:00 001/p1 | J48: 1.5K Plus | L48: Plus | M48: Side Event | N48: NLH | O48: OFF | P48: 9 | Q48: 300 | R48: n/a | T48: 20% Flat | U48: Only buy-in | V48: 0.6 | W48: 0.6 | Y48: No limit + double rebuy | Z48: 0.8 | AA48: 100000 | AB48: 5 min | AC48: 0.1 | AD48: 0 | AE48: Turbo | AF48: 40000 | AG48: 7 | AH48: 6 | AI48: 6 | AJ48: 15 | AK48: 2-10000 | AL48: Level 0 20% | AM48: Only for in-game players | AN48: Off - ilimitado | AO48: =IF(B48=0," ",TIME(,ROUNDDOWN(AG48*AJ48/60,0)*5+(AG48*AJ48),)+B48) -> 0.57640046 | AP48: =IF(Q48=0,,ROUNDUP(Q48/(V48*(1-AC48-AD48)),0)) -> 556 | AQ48: =IFERROR(IF(V48=0," ",IF(V48<=5,"MICRO",IF(V48<=19.8,"LOW",IF(V48<=99.8,"MEDIUM",IF(V48<=500,"HIGH",IF(V48>500,"SUPER HIGH",)))))),"") -> MICRO
B49: 0.50001157 | C49: =TEXT(IF($B49=0," ",$B49-C$6),"hh:mm am/pm") -> 10:00 001/p1 | D49: =TEXT(IF($B49=0," ",$B49-D$6),"hh:mm am/pm") -> 08:00 001/p1 | E49: =TEXT(IF($B49=0," ",$B49-E$6),"hh:mm am/pm") -> 09:00 001/p1 | F49: =TEXT(IF($B49=0," ",$B49-F$6),"hh:mm am/pm") -> 10:00 001/p1 | G49: =TEXT(IF($B49=0," ",$B49-G$6),"hh:mm am/pm") -> 11:00 001/p1 | H49: =TEXT(IF($B49=0," ",$B49+H$6),"hh:mm am/pm") -> 18:00 001/p1 | I49: =TEXT(IF($B49=0," ",$B49+I$6),"hh:mm am/pm") -> 23:00 001/p1 | J49: #AS 10K Reentry | L49: #AS Reentry | M49: Side Event | N49: NLH | O49: OFF | P49: 8 | Q49: 2000 | R49: n/a | T49: 15% New | U49: Only buy-in | V49: 15 | W49: 15 | Y49: No Limit | AA49: REENTRY | AB49: 5 min | AC49: 0.1 | AD49: 0.02 | AE49: Hyper turbo | AF49: 80000 | AG49: 12 | AH49: 10 | AI49: 10 | AJ49: 15 | AK49: 2-10000 | AL49: Level 0 20% | AM49: Only for in-game players | AN49: Off - ilimitado | AO49: =IF(B49=0," ",TIME(,ROUNDDOWN(AG49*AJ49/60,0)*5+(AG49*AJ49),)+B49) -> 0.63542824 | AP49: =IF(Q49=0,,ROUNDUP(Q49/(V49*(1-AC49-AD49)),0)) -> 152 | AQ49: =IFERROR(IF(V49=0," ",IF(V49<=5,"MICRO",IF(V49<=19.8,"LOW",IF(V49<=99.8,"MEDIUM",IF(V49<=500,"HIGH",IF(V49>500,"SUPER HIGH",)))))),"") -> LOW
B50: 0.52084491 | C50: =TEXT(IF($B50=0," ",$B50-C$6),"hh:mm am/pm") -> 10:30 001/p1 | D50: =TEXT(IF($B50=0," ",$B50-D$6),"hh:mm am/pm") -> 08:30 001/p1 | E50: =TEXT(IF($B50=0," ",$B50-E$6),"hh:mm am/pm") -> 09:30 001/p1 | F50: =TEXT(IF($B50=0," ",$B50-F$6),"hh:mm am/pm") -> 10:30 001/p1 | G50: =TEXT(IF($B50=0," ",$B50-G$6),"hh:mm am/pm") -> 11:30 001/p1 | H50: =TEXT(IF($B50=0," ",$B50+H$6),"hh:mm am/pm") -> 18:30 001/p1 | I50: =TEXT(IF($B50=0," ",$B50+I$6),"hh:mm am/pm") -> 23:30 001/p1 | J50: #AS 10K OmaX PKO | L50: #AS OmaX PKO | M50: Side Event | N50: PLO5 | O50: Progressive KO 1/2 | P50: 6 | Q50: 2000 | R50: n/a | T50: 15% Plus | U50: Only buy-in | V50: 12 | W50: 12 | Y50: No Limit | AA50: REENTRY | AB50: 5 min | AC50: 0.1 | AD50: 0.02 | AE50: Turbo | AF50: 40000 | AG50: 12 | AH50: 10 | AI50: 10 | AJ50: 14 | AK50: 2-10000 | AL50: Level 0 20% | AM50: Only for in-game players | AN50: Off - ilimitado | AO50: =IF(B50=0," ",TIME(,ROUNDDOWN(AG50*AJ50/60,0)*5+(AG50*AJ50),)+B50) -> 0.64445602 | AP50: =IF(Q50=0,,ROUNDUP(Q50/(V50*(1-AC50-AD50)),0)) -> 190 | AQ50: =IFERROR(IF(V50=0," ",IF(V50<=5,"MICRO",IF(V50<=19.8,"LOW",IF(V50<=99.8,"MEDIUM",IF(V50<=500,"HIGH",IF(V50>500,"SUPER HIGH",)))))),"") -> LOW
B51: 0.54167824 | C51: =TEXT(IF($B51=0," ",$B51-C$6),"hh:mm am/pm") -> 11:00 001/p1 | D51: =TEXT(IF($B51=0," ",$B51-D$6),"hh:mm am/pm") -> 09:00 001/p1 | E51: =TEXT(IF($B51=0," ",$B51-E$6),"hh:mm am/pm") -> 10:00 001/p1 | F51: =TEXT(IF($B51=0," ",$B51-F$6),"hh:mm am/pm") -> 11:00 001/p1 | G51: =TEXT(IF($B51=0," ",$B51-G$6),"hh:mm am/pm") -> 12:00 001/p1 | H51: =TEXT(IF($B51=0," ",$B51+H$6),"hh:mm am/pm") -> 19:00 001/p1 | I51: =TEXT(IF($B51=0," ",$B51+I$6),"hh:mm am/pm") -> 00:00 001/p1 | J51: #AS 10K Battle | L51: #AS Battle | M51: Side Event | N51: NLH | O51: Regular KO 1/2 | P51: 8 | Q51: 2000 | R51: n/a | T51: 15% New | U51: Only buy-in | V51: 5 | W51: 5 | Y51: No Limit | AA51: REENTRY | AB51: 5 min | AC51: 0.1 | AD51: 0.02 | AE51: Hyper turbo | AF51: 80000 | AG51: 12 | AH51: 10 | AI51: 10 | AJ51: 15 | AK51: 2-10000 | AL51: Level 0 20% | AM51: Only for in-game players | AN51: Off - ilimitado | AO51: =IF(B51=0," ",TIME(,ROUNDDOWN(AG51*AJ51/60,0)*5+(AG51*AJ51),)+B51) -> 0.67709491 | AP51: =IF(Q51=0,,ROUNDUP(Q51/(V51*(1-AC51-AD51)),0)) -> 455 | AQ51: =IFERROR(IF(V51=0," ",IF(V51<=5,"MICRO",IF(V51<=19.8,"LOW",IF(V51<=99.8,"MEDIUM",IF(V51<=500,"HIGH",IF(V51>500,"SUPER HIGH",)))))),"") -> MICRO
B52: 0.54167824 | C52: =TEXT(IF($B52=0," ",$B52-C$6),"hh:mm am/pm") -> 11:00 001/p1 | D52: =TEXT(IF($B52=0," ",$B52-D$6),"hh:mm am/pm") -> 09:00 001/p1 | E52: =TEXT(IF($B52=0," ",$B52-E$6),"hh:mm am/pm") -> 10:00 001/p1 | F52: =TEXT(IF($B52=0," ",$B52-F$6),"hh:mm am/pm") -> 11:00 001/p1 | G52: =TEXT(IF($B52=0," ",$B52-G$6),"hh:mm am/pm") -> 12:00 001/p1 | H52: =TEXT(IF($B52=0," ",$B52+H$6),"hh:mm am/pm") -> 19:00 001/p1 | I52: =TEXT(IF($B52=0," ",$B52+I$6),"hh:mm am/pm") -> 00:00 001/p1 | J52: 500 Omax PKO | L52: Omax PKO | M52: Side Event | N52: PLO4 | O52: Progressive KO 1/2 | P52: 8 | Q52: 100 | R52: n/a | T52: 15% New | U52: Only buy-in | V52: 0.6 | W52: 0.6 | Y52: No Limit | AA52: REENTRY | AB52: 5 min | AC52: 0.1 | AD52: 0 | AE52: Turbo | AF52: 50000 | AG52: 8 | AH52: 7 | AI52: 7 | AJ52: 15 | AK52: 2-10000 | AL52: Level 0 20% | AM52: Only for in-game players | AN52: Off - ilimitado | AO52: =IF(B52=0," ",TIME(,ROUNDDOWN(AG52*AJ52/60,0)*5+(AG52*AJ52),)+B52) -> 0.63195602 | AP52: =IF(Q52=0,,ROUNDUP(Q52/(V52*(1-AC52-AD52)),0)) -> 186 | AQ52: =IFERROR(IF(V52=0," ",IF(V52<=5,"MICRO",IF(V52<=19.8,"LOW",IF(V52<=99.8,"MEDIUM",IF(V52<=500,"HIGH",IF(V52>500,"SUPER HIGH",)))))),"") -> MICRO
A53: MONDAY | B53: 0.55209491 | C53: =TEXT(IF($B53=0," ",$B53-C$6),"hh:mm am/pm") -> 11:15 001/p1 | D53: =TEXT(IF($B53=0," ",$B53-D$6),"hh:mm am/pm") -> 09:15 001/p1 | E53: =TEXT(IF($B53=0," ",$B53-E$6),"hh:mm am/pm") -> 10:15 001/p1 | F53: =TEXT(IF($B53=0," ",$B53-F$6),"hh:mm am/pm") -> 11:15 001/p1 | G53: =TEXT(IF($B53=0," ",$B53-G$6),"hh:mm am/pm") -> 12:15 001/p1 | H53: =TEXT(IF($B53=0," ",$B53+H$6),"hh:mm am/pm") -> 19:15 001/p1 | I53: =TEXT(IF($B53=0," ",$B53+I$6),"hh:mm am/pm") -> 00:15 001/p1 | J53: #AS 4K Freeze | L53: #AS Freeze | M53: Side Event | N53: NLH | O53: OFF | P53: 8 | Q53: 800 | R53: n/a | T53: 15% New | U53: Only buy-in | V53: 7 | Y53: Off (0) | AA53: FREEZE | AB53: 5 min | AC53: 0.1 | AD53: 0.02 | AE53: Turbo | AF53: 40000 | AG53: 10 | AH53: 10 | AI53: 10 | AJ53: 14 | AK53: 2-10000 | AL53: Level 0 20% | AM53: Only for in-game players | AN53: Off - ilimitado | AO53: =IF(B53=0," ",TIME(,ROUNDDOWN(AG53*AJ53/60,0)*5+(AG53*AJ53),)+B53) -> 0.65626157 | AP53: =IF(Q53=0,,ROUNDUP(Q53/(V53*(1-AC53-AD53)),0)) -> 130 | AQ53: =IFERROR(IF(V53=0," ",IF(V53<=5,"MICRO",IF(V53<=19.8,"LOW",IF(V53<=99.8,"MEDIUM",IF(V53<=500,"HIGH",IF(V53>500,"SUPER HIGH",)))))),"") -> LOW
B54: 0.56251157 | C54: =TEXT(IF($B54=0," ",$B54-C$6),"hh:mm am/pm") -> 11:30 001/p1 | D54: =TEXT(IF($B54=0," ",$B54-D$6),"hh:mm am/pm") -> 09:30 001/p1 | E54: =TEXT(IF($B54=0," ",$B54-E$6),"hh:mm am/pm") -> 10:30 001/p1 | F54: =TEXT(IF($B54=0," ",$B54-F$6),"hh:mm am/pm") -> 11:30 001/p1 | G54: =TEXT(IF($B54=0," ",$B54-G$6),"hh:mm am/pm") -> 12:30 001/p1 | H54: =TEXT(IF($B54=0," ",$B54+H$6),"hh:mm am/pm") -> 19:30 001/p1 | I54: =TEXT(IF($B54=0," ",$B54+I$6),"hh:mm am/pm") -> 00:30 001/p1 | J54: #AS 4K Plus | L54: #AS Plus | M54: Side Event | N54: NLH | O54: OFF | P54: 9 | Q54: 800 | R54: n/a | T54: 15% New | U54: Only buy-in | V54: 2 | W54: 2 | Y54: No limit + double rebuy | Z54: 3 | AA54: 120000 | AB54: 5 min | AC54: 0.1 | AD54: 0.02 | AE54: Turbo | AF54: 40000 | AG54: 8 | AH54: 7 | AI54: 8 | AJ54: 15 | AK54: 2-10000 | AL54: Level 0 20% | AM54: Only for in-game players | AN54: Off - ilimitado | AO54: =IF(B54=0," ",TIME(,ROUNDDOWN(AG54*AJ54/60,0)*5+(AG54*AJ54),)+B54) -> 0.65278935 | AP54: =IF(Q54=0,,ROUNDUP(Q54/(V54*(1-AC54-AD54)),0)) -> 455 | AQ54: =IFERROR(IF(V54=0," ",IF(V54<=5,"MICRO",IF(V54<=19.8,"LOW",IF(V54<=99.8,"MEDIUM",IF(V54<=500,"HIGH",IF(V54>500,"SUPER HIGH",)))))),"") -> MICRO
B55: 0.58334491 | C55: =TEXT(IF($B55=0," ",$B55-C$6),"hh:mm am/pm") -> 12:00 001/p1 | D55: =TEXT(IF($B55=0," ",$B55-D$6),"hh:mm am/pm") -> 10:00 001/p1 | E55: =TEXT(IF($B55=0," ",$B55-E$6),"hh:mm am/pm") -> 11:00 001/p1 | F55: =TEXT(IF($B55=0," ",$B55-F$6),"hh:mm am/pm") -> 12:00 001/p1 | G55: =TEXT(IF($B55=0," ",$B55-G$6),"hh:mm am/pm") -> 13:00 001/p1 | H55: =TEXT(IF($B55=0," ",$B55+H$6),"hh:mm am/pm") -> 20:00 001/p1 | I55: =TEXT(IF($B55=0," ",$B55+I$6),"hh:mm am/pm") -> 01:00 001/p1 | J55: Sit&go 200p max. | L55: Sit&go 200p max. | M55: Side Event | N55: NLH | O55: OFF | P55: 9 | Q55: 40 | R55: n/a | T55: 15% New | U55: Only buy-in | V55: 0.6 | W55: 0.6 | Y55: No Limit | Z55: 0.6 | AA55: 30000 | AB55: 5 min | AC55: 0.1 | AD55: 0 | AE55: Regular (padrão) | AF55: 20000 | AG55: 5 | AH55: 5 | AI55: 5 | AJ55: 15 | AK55: 2-200 | AL55: Level 0 20% | AM55: Only for in-game players | AN55: Off - ilimitado | AO55: =IF(B55=0," ",TIME(,ROUNDDOWN(AG55*AJ55/60,0)*5+(AG55*AJ55),)+B55) -> 0.63890046 | AP55: =IF(Q55=0,,ROUNDUP(Q55/(V55*(1-AC55-AD55)),0)) -> 75 | AQ55: =IFERROR(IF(V55=0," ",IF(V55<=5,"MICRO",IF(V55<=19.8,"LOW",IF(V55<=99.8,"MEDIUM",IF(V55<=500,"HIGH",IF(V55>500,"SUPER HIGH",)))))),"") -> MICRO
A56: MONDAY | B56: 0.58334491 | C56: =TEXT(IF($B56=0," ",$B56-C$6),"hh:mm am/pm") -> 12:00 001/p1 | D56: =TEXT(IF($B56=0," ",$B56-D$6),"hh:mm am/pm") -> 10:00 001/p1 | E56: =TEXT(IF($B56=0," ",$B56-E$6),"hh:mm am/pm") -> 11:00 001/p1 | F56: =TEXT(IF($B56=0," ",$B56-F$6),"hh:mm am/pm") -> 12:00 001/p1 | G56: =TEXT(IF($B56=0," ",$B56-G$6),"hh:mm am/pm") -> 13:00 001/p1 | H56: =TEXT(IF($B56=0," ",$B56+H$6),"hh:mm am/pm") -> 20:00 001/p1 | I56: =TEXT(IF($B56=0," ",$B56+I$6),"hh:mm am/pm") -> 01:00 001/p1 | J56: 1K Omax | L56: Omax | M56: Side Event | N56: PLO6 | O56: OFF | P56: 6 | Q56: 200 | R56: n/a | T56: 15% New | U56: Only buy-in | V56: 2 | W56: 2 | Y56: No limit + double rebuy | Z56: 2 | AA56: 90000 | AB56: 5 min | AC56: 0.1 | AD56: 0 | AE56: Hyper turbo | AF56: 30000 | AG56: 8 | AH56: 7 | AI56: 7 | AJ56: 12 | AK56: 2-10000 | AL56: Level 0 20% | AM56: Only for in-game players | AN56: Off - ilimitado | AO56: =IF(B56=0," ",TIME(,ROUNDDOWN(AG56*AJ56/60,0)*5+(AG56*AJ56),)+B56) -> 0.6534838 | AP56: =IF(Q56=0,,ROUNDUP(Q56/(V56*(1-AC56-AD56)),0)) -> 112 | AQ56: =IFERROR(IF(V56=0," ",IF(V56<=5,"MICRO",IF(V56<=19.8,"LOW",IF(V56<=99.8,"MEDIUM",IF(V56<=500,"HIGH",IF(V56>500,"SUPER HIGH",)))))),"") -> MICRO
B57: 0.58334491 | C57: =TEXT(IF($B57=0," ",$B57-C$6),"hh:mm am/pm") -> 12:00 001/p1 | D57: =TEXT(IF($B57=0," ",$B57-D$6),"hh:mm am/pm") -> 10:00 001/p1 | E57: =TEXT(IF($B57=0," ",$B57-E$6),"hh:mm am/pm") -> 11:00 001/p1 | F57: =TEXT(IF($B57=0," ",$B57-F$6),"hh:mm am/pm") -> 12:00 001/p1 | G57: =TEXT(IF($B57=0," ",$B57-G$6),"hh:mm am/pm") -> 13:00 001/p1 | H57: =TEXT(IF($B57=0," ",$B57+H$6),"hh:mm am/pm") -> 20:00 001/p1 | I57: =TEXT(IF($B57=0," ",$B57+I$6),"hh:mm am/pm") -> 01:00 001/p1 | J57: #AS 5K Mini Plus | L57: #AS Mini Plus | M57: Side Event | N57: NLH | O57: OFF | P57: 9 | Q57: 1000 | R57: n/a | T57: 15% Flat | U57: Buy-in+Rebuy | V57: 0.6 | W57: 0.6 | Y57: No limit + double rebuy | Z57: 0.6 | AA57: 120000 | AB57: 5 min | AC57: 0.1 | AD57: 0.02 | AE57: Turbo | AF57: 40000 | AG57: 8 | AH57: 7 | AI57: 7 | AJ57: 15 | AK57: 2-10000 | AL57: Level 0 20% | AM57: Only for in-game players | AN57: Off - ilimitado | AO57: =IF(B57=0," ",TIME(,ROUNDDOWN(AG57*AJ57/60,0)*5+(AG57*AJ57),)+B57) -> 0.67362269 | AP57: =IF(Q57=0,,ROUNDUP(Q57/(V57*(1-AC57-AD57)),0)) -> 1894 | AQ57: =IFERROR(IF(V57=0," ",IF(V57<=5,"MICRO",IF(V57<=19.8,"LOW",IF(V57<=99.8,"MEDIUM",IF(V57<=500,"HIGH",IF(V57>500,"SUPER HIGH",)))))),"") -> MICRO
B58: 0.60417824 | C58: =TEXT(IF($B58=0," ",$B58-C$6),"hh:mm am/pm") -> 12:30 001/p1 | D58: =TEXT(IF($B58=0," ",$B58-D$6),"hh:mm am/pm") -> 10:30 001/p1 | E58: =TEXT(IF($B58=0," ",$B58-E$6),"hh:mm am/pm") -> 11:30 001/p1 | F58: =TEXT(IF($B58=0," ",$B58-F$6),"hh:mm am/pm") -> 12:30 001/p1 | G58: =TEXT(IF($B58=0," ",$B58-G$6),"hh:mm am/pm") -> 13:30 001/p1 | H58: =TEXT(IF($B58=0," ",$B58+H$6),"hh:mm am/pm") -> 20:30 001/p1 | I58: =TEXT(IF($B58=0," ",$B58+I$6),"hh:mm am/pm") -> 01:30 001/p1 | J58: #AS 1.5K Omax PKO | L58: #AS Omax PKO | M58: Side Event | N58: PLO5 | O58: Progressive KO 1/2 | P58: 6 | Q58: 300 | R58: n/a | T58: 15% New | U58: Only buy-in | V58: 2 | W58: 2 | Y58: No Limit | AA58: REENTRY | AB58: 5 min | AC58: 0.1 | AD58: 0.02 | AE58: Turbo | AF58: 50000 | AG58: 8 | AH58: 8 | AI58: 8 | AJ58: 15 | AK58: 2-10000 | AL58: Level 0 20% | AM58: Only for in-game players | AN58: Off - ilimitado | AO58: =IF(B58=0," ",TIME(,ROUNDDOWN(AG58*AJ58/60,0)*5+(AG58*AJ58),)+B58) -> 0.69445602 | AP58: =IF(Q58=0,,ROUNDUP(Q58/(V58*(1-AC58-AD58)),0)) -> 171 | AQ58: =IFERROR(IF(V58=0," ",IF(V58<=5,"MICRO",IF(V58<=19.8,"LOW",IF(V58<=99.8,"MEDIUM",IF(V58<=500,"HIGH",IF(V58>500,"SUPER HIGH",)))))),"") -> MICRO
A59: MONDAY | B59: 0.62501157 | C59: =TEXT(IF($B59=0," ",$B59-C$6),"hh:mm am/pm") -> 13:00 001/p1 | D59: =TEXT(IF($B59=0," ",$B59-D$6),"hh:mm am/pm") -> 11:00 001/p1 | E59: =TEXT(IF($B59=0," ",$B59-E$6),"hh:mm am/pm") -> 12:00 001/p1 | F59: =TEXT(IF($B59=0," ",$B59-F$6),"hh:mm am/pm") -> 13:00 001/p1 | G59: =TEXT(IF($B59=0," ",$B59-G$6),"hh:mm am/pm") -> 14:00 001/p1 | H59: =TEXT(IF($B59=0," ",$B59+H$6),"hh:mm am/pm") -> 21:00 001/p1 | I59: =TEXT(IF($B59=0," ",$B59+I$6),"hh:mm am/pm") -> 02:00 001/p1 | J59: #AS 20K Plus+SPS | L59: #AS Plus+SPS | M59: Side Event | N59: NLH | O59: OFF | P59: 9 | Q59: 4200 | R59: 1 Ticket SPS 76-M Supremo | T59: 20% Flat | U59: Only buy-in | V59: 3 | W59: 3 | Y59: No limit + double rebuy | Z59: 3 | AA59: 160000 | AB59: 5 min | AC59: 0.1 | AD59: 0.02 | AE59: Hyper turbo | AF59: 40000 | AG59: 10 | AH59: 8 | AI59: 8 | AJ59: 13 | AK59: 2-10000 | AL59: Level 0 20% | AM59: Only for in-game players | AN59: Off - ilimitado | AO59: =IF(B59=0," ",TIME(,ROUNDDOWN(AG59*AJ59/60,0)*5+(AG59*AJ59),)+B59) -> 0.7222338 | AP59: =IF(Q59=0,,ROUNDUP(Q59/(V59*(1-AC59-AD59)),0)) -> 1591 | AQ59: =IFERROR(IF(V59=0," ",IF(V59<=5,"MICRO",IF(V59<=19.8,"LOW",IF(V59<=99.8,"MEDIUM",IF(V59<=500,"HIGH",IF(V59>500,"SUPER HIGH",)))))),"") -> MICRO
B60: 0.64584491 | C60: =TEXT(IF($B60=0," ",$B60-C$6),"hh:mm am/pm") -> 13:30 001/p1 | D60: =TEXT(IF($B60=0," ",$B60-D$6),"hh:mm am/pm") -> 11:30 001/p1 | E60: =TEXT(IF($B60=0," ",$B60-E$6),"hh:mm am/pm") -> 12:30 001/p1 | F60: =TEXT(IF($B60=0," ",$B60-F$6),"hh:mm am/pm") -> 13:30 001/p1 | G60: =TEXT(IF($B60=0," ",$B60-G$6),"hh:mm am/pm") -> 14:30 001/p1 | H60: =TEXT(IF($B60=0," ",$B60+H$6),"hh:mm am/pm") -> 21:30 001/p1 | I60: =TEXT(IF($B60=0," ",$B60+I$6),"hh:mm am/pm") -> 02:30 001/p1 | J60: #AS 12K OmaX PKO | L60: #AS OmaX PKO | M60: Side Event | N60: PLO5 | O60: Progressive KO 1/2 | P60: 6 | Q60: 2400 | R60: n/a | T60: 15% Plus | U60: Only buy-in | V60: 30 | W60: 30 | Y60: No Limit | AA60: REENTRY | AB60: 5 min | AC60: 0.1 | AD60: 0.02 | AE60: Turbo | AF60: 40000 | AG60: 10 | AH60: 10 | AI60: 10 | AJ60: 14 | AK60: 2-10000 | AL60: Level 0 20% | AM60: Only for in-game players | AN60: 5X | AO60: =IF(B60=0," ",TIME(,ROUNDDOWN(AG60*AJ60/60,0)*5+(AG60*AJ60),)+B60) -> 0.75001157 | AP60: =IF(Q60=0,,ROUNDUP(Q60/(V60*(1-AC60-AD60)),0)) -> 91 | AQ60: =IFERROR(IF(V60=0," ",IF(V60<=5,"MICRO",IF(V60<=19.8,"LOW",IF(V60<=99.8,"MEDIUM",IF(V60<=500,"HIGH",IF(V60>500,"SUPER HIGH",)))))),"") -> MEDIUM
B61: 0.66667824 | C61: =TEXT(IF($B61=0," ",$B61-C$6),"hh:mm am/pm") -> 14:00 001/p1 | D61: =TEXT(IF($B61=0," ",$B61-D$6),"hh:mm am/pm") -> 12:00 001/p1 | E61: =TEXT(IF($B61=0," ",$B61-E$6),"hh:mm am/pm") -> 13:00 001/p1 | F61: =TEXT(IF($B61=0," ",$B61-F$6),"hh:mm am/pm") -> 14:00 001/p1 | G61: =TEXT(IF($B61=0," ",$B61-G$6),"hh:mm am/pm") -> 15:00 001/p1 | H61: =TEXT(IF($B61=0," ",$B61+H$6),"hh:mm am/pm") -> 22:00 001/p1 | I61: =TEXT(IF($B61=0," ",$B61+I$6),"hh:mm am/pm") -> 03:00 001/p1 | J61: 500 Omax | L61: Omax | M61: Side Event | N61: PLO4 | O61: OFF | P61: 6 | Q61: 100 | R61: n/a | T61: 15% New | U61: Only buy-in | V61: 0.8 | W61: 0.8 | Y61: No limit + double rebuy | Z61: 0.8 | AA61: 80000 | AB61: 5 min | AC61: 0.1 | AD61: 0 | AE61: Hyper turbo | AF61: 40000 | AG61: 8 | AH61: 7 | AI61: 7 | AJ61: 12 | AK61: 2-10000 | AL61: Level 0 20% | AM61: Only for in-game players | AN61: Off - ilimitado | AO61: =IF(B61=0," ",TIME(,ROUNDDOWN(AG61*AJ61/60,0)*5+(AG61*AJ61),)+B61) -> 0.73681713 | AP61: =IF(Q61=0,,ROUNDUP(Q61/(V61*(1-AC61-AD61)),0)) -> 139 | AQ61: =IFERROR(IF(V61=0," ",IF(V61<=5,"MICRO",IF(V61<=19.8,"LOW",IF(V61<=99.8,"MEDIUM",IF(V61<=500,"HIGH",IF(V61>500,"SUPER HIGH",)))))),"") -> MICRO
A62: MONDAY | B62: 0.66667824 | C62: =TEXT(IF($B62=0," ",$B62-C$6),"hh:mm am/pm") -> 14:00 001/p1 | D62: =TEXT(IF($B62=0," ",$B62-D$6),"hh:mm am/pm") -> 12:00 001/p1 | E62: =TEXT(IF($B62=0," ",$B62-E$6),"hh:mm am/pm") -> 13:00 001/p1 | F62: =TEXT(IF($B62=0," ",$B62-F$6),"hh:mm am/pm") -> 14:00 001/p1 | G62: =TEXT(IF($B62=0," ",$B62-G$6),"hh:mm am/pm") -> 15:00 001/p1 | H62: =TEXT(IF($B62=0," ",$B62+H$6),"hh:mm am/pm") -> 22:00 001/p1 | I62: =TEXT(IF($B62=0," ",$B62+I$6),"hh:mm am/pm") -> 03:00 001/p1 | J62: 1.5K Plus | L62: Plus | M62: Side Event | N62: NLH | O62: OFF | P62: 9 | Q62: 300 | R62: n/a | T62: 20% Flat | U62: Only buy-in | V62: 0.4 | W62: 0.4 | Y62: No limit + double rebuy | Z62: 0.6 | AA62: 50000 | AB62: 5 min | AC62: 0.1 | AD62: 0 | AE62: Turbo | AF62: 20000 | AG62: 8 | AH62: 7 | AI62: 7 | AJ62: 12 | AK62: 2-10000 | AL62: Level 0 20% | AM62: Only for in-game players | AN62: Off - ilimitado | AO62: =IF(B62=0," ",TIME(,ROUNDDOWN(AG62*AJ62/60,0)*5+(AG62*AJ62),)+B62) -> 0.73681713 | AP62: =IF(Q62=0,,ROUNDUP(Q62/(V62*(1-AC62-AD62)),0)) -> 834 | AQ62: =IFERROR(IF(V62=0," ",IF(V62<=5,"MICRO",IF(V62<=19.8,"LOW",IF(V62<=99.8,"MEDIUM",IF(V62<=500,"HIGH",IF(V62>500,"SUPER HIGH",)))))),"") -> MICRO
B63: 0.68751157 | C63: =TEXT(IF($B63=0," ",$B63-C$6),"hh:mm am/pm") -> 14:30 001/p1 | D63: =TEXT(IF($B63=0," ",$B63-D$6),"hh:mm am/pm") -> 12:30 001/p1 | E63: =TEXT(IF($B63=0," ",$B63-E$6),"hh:mm am/pm") -> 13:30 001/p1 | F63: =TEXT(IF($B63=0," ",$B63-F$6),"hh:mm am/pm") -> 14:30 001/p1 | G63: =TEXT(IF($B63=0," ",$B63-G$6),"hh:mm am/pm") -> 15:30 001/p1 | H63: =TEXT(IF($B63=0," ",$B63+H$6),"hh:mm am/pm") -> 22:30 001/p1 | I63: =TEXT(IF($B63=0," ",$B63+I$6),"hh:mm am/pm") -> 03:30 001/p1 | J63: #AS 6K Monday Freeze | L63: #AS Monday Freeze | M63: Side Event | N63: NLH | O63: OFF | P63: 8 | Q63: 1200 | R63: n/a | T63: 15% New | U63: Only buy-in | V63: 10 | Y63: Off (0) | AA63: FREEZE | AB63: 5 min | AC63: 0.08 | AD63: 0.02 | AE63: Turbo | AF63: 50000 | AG63: 12 | AH63: 10 | AI63: 10 | AJ63: 14 | AK63: 2-10000 | AL63: Level 0 20% | AM63: Only for in-game players | AN63: Off - ilimitado | AO63: =IF(B63=0," ",TIME(,ROUNDDOWN(AG63*AJ63/60,0)*5+(AG63*AJ63),)+B63) -> 0.81112269 | AP63: =IF(Q63=0,,ROUNDUP(Q63/(V63*(1-AC63-AD63)),0)) -> 134 | AQ63: =IFERROR(IF(V63=0," ",IF(V63<=5,"MICRO",IF(V63<=19.8,"LOW",IF(V63<=99.8,"MEDIUM",IF(V63<=500,"HIGH",IF(V63>500,"SUPER HIGH",)))))),"") -> LOW
B64: 0.70834491 | C64: =TEXT(IF($B64=0," ",$B64-C$6),"hh:mm am/pm") -> 15:00 001/p1 | D64: =TEXT(IF($B64=0," ",$B64-D$6),"hh:mm am/pm") -> 13:00 001/p1 | E64: =TEXT(IF($B64=0," ",$B64-E$6),"hh:mm am/pm") -> 14:00 001/p1 | F64: =TEXT(IF($B64=0," ",$B64-F$6),"hh:mm am/pm") -> 15:00 001/p1 | G64: =TEXT(IF($B64=0," ",$B64-G$6),"hh:mm am/pm") -> 16:00 001/p1 | H64: =TEXT(IF($B64=0," ",$B64+H$6),"hh:mm am/pm") -> 23:00 001/p1 | I64: =TEXT(IF($B64=0," ",$B64+I$6),"hh:mm am/pm") -> 04:00 001/p1 | J64: #AS 15K Battle PKO | L64: #AS Battle PKO | M64: Side Event | N64: NLH | O64: Progressive KO 1/2 | P64: 9 | Q64: 3000 | R64: n/a | T64: 15% Plus | U64: Only buy-in | V64: 5 | W64: 5 | Y64: No Limit | AA64: REENTRY | AB64: 5 min | AC64: 0.1 | AD64: 0.02 | AE64: Hyper turbo | AF64: 80000 | AG64: 12 | AH64: 10 | AI64: 10 | AJ64: 15 | AK64: 2-10000 | AL64: Level 0 20% | AM64: Only for in-game players | AN64: Off - ilimitado | AO64: =IF(B64=0," ",TIME(,ROUNDDOWN(AG64*AJ64/60,0)*5+(AG64*AJ64),)+B64) -> 0.84376157 | AP64: =IF(Q64=0,,ROUNDUP(Q64/(V64*(1-AC64-AD64)),0)) -> 682 | AQ64: =IFERROR(IF(V64=0," ",IF(V64<=5,"MICRO",IF(V64<=19.8,"LOW",IF(V64<=99.8,"MEDIUM",IF(V64<=500,"HIGH",IF(V64>500,"SUPER HIGH",)))))),"") -> MICRO
A65: MONDAY | B65: 0.70834491 | C65: =TEXT(IF($B65=0," ",$B65-C$6),"hh:mm am/pm") -> 15:00 001/p1 | D65: =TEXT(IF($B65=0," ",$B65-D$6),"hh:mm am/pm") -> 13:00 001/p1 | E65: =TEXT(IF($B65=0," ",$B65-E$6),"hh:mm am/pm") -> 14:00 001/p1 | F65: =TEXT(IF($B65=0," ",$B65-F$6),"hh:mm am/pm") -> 15:00 001/p1 | G65: =TEXT(IF($B65=0," ",$B65-G$6),"hh:mm am/pm") -> 16:00 001/p1 | H65: =TEXT(IF($B65=0," ",$B65+H$6),"hh:mm am/pm") -> 23:00 001/p1 | I65: =TEXT(IF($B65=0," ",$B65+I$6),"hh:mm am/pm") -> 04:00 001/p1 | J65: Sit&go 200p max. | L65: Sit&go 200p max. | M65: Side Event | N65: NLH | O65: OFF | P65: 9 | Q65: 50 | R65: n/a | T65: 15% New | U65: Only buy-in | V65: 0.6 | W65: 0.6 | Y65: No Limit | Z65: 0.6 | AA65: 30000 | AB65: 5 min | AC65: 0.1 | AD65: 0 | AE65: Regular (padrão) | AF65: 20000 | AG65: 5 | AH65: 5 | AI65: 5 | AJ65: 15 | AK65: 2-200 | AL65: Level 0 20% | AM65: Only for in-game players | AN65: Off - ilimitado | AO65: =IF(B65=0," ",TIME(,ROUNDDOWN(AG65*AJ65/60,0)*5+(AG65*AJ65),)+B65) -> 0.76390046 | AP65: =IF(Q65=0,,ROUNDUP(Q65/(V65*(1-AC65-AD65)),0)) -> 93 | AQ65: =IFERROR(IF(V65=0," ",IF(V65<=5,"MICRO",IF(V65<=19.8,"LOW",IF(V65<=99.8,"MEDIUM",IF(V65<=500,"HIGH",IF(V65>500,"SUPER HIGH",)))))),"") -> MICRO
B66: 0.75001157 | C66: =TEXT(IF($B66=0," ",$B66-C$6),"hh:mm am/pm") -> 16:00 001/p1 | D66: =TEXT(IF($B66=0," ",$B66-D$6),"hh:mm am/pm") -> 14:00 001/p1 | E66: =TEXT(IF($B66=0," ",$B66-E$6),"hh:mm am/pm") -> 15:00 001/p1 | F66: =TEXT(IF($B66=0," ",$B66-F$6),"hh:mm am/pm") -> 16:00 001/p1 | G66: =TEXT(IF($B66=0," ",$B66-G$6),"hh:mm am/pm") -> 17:00 001/p1 | H66: =TEXT(IF($B66=0," ",$B66+H$6),"hh:mm am/pm") -> 00:00 001/p1 | I66: =TEXT(IF($B66=0," ",$B66+I$6),"hh:mm am/pm") -> 05:00 001/p1 | J66: 750 Omax PKO | L66: Omax PKO | M66: Side Event | N66: PLO4 | O66: Progressive KO 1/2 | P66: 8 | Q66: 150 | R66: n/a | T66: 15% New | U66: Only buy-in | V66: 0.6 | W66: 0.6 | Y66: No Limit | AA66: REENTRY | AB66: 5 min | AC66: 0.1 | AD66: 0 | AE66: Turbo | AF66: 50000 | AG66: 8 | AH66: 7 | AI66: 7 | AJ66: 15 | AK66: 2-10000 | AL66: Level 0 20% | AM66: Only for in-game players | AN66: Off - ilimitado | AO66: =IF(B66=0," ",TIME(,ROUNDDOWN(AG66*AJ66/60,0)*5+(AG66*AJ66),)+B66) -> 0.84028935 | AP66: =IF(Q66=0,,ROUNDUP(Q66/(V66*(1-AC66-AD66)),0)) -> 278 | AQ66: =IFERROR(IF(V66=0," ",IF(V66<=5,"MICRO",IF(V66<=19.8,"LOW",IF(V66<=99.8,"MEDIUM",IF(V66<=500,"HIGH",IF(V66>500,"SUPER HIGH",)))))),"") -> MICRO
A67: MONDAY | B67: 0.77084491 | C67: =TEXT(IF($B67=0," ",$B67-C$6),"hh:mm am/pm") -> 16:30 001/p1 | D67: =TEXT(IF($B67=0," ",$B67-D$6),"hh:mm am/pm") -> 14:30 001/p1 | E67: =TEXT(IF($B67=0," ",$B67-E$6),"hh:mm am/pm") -> 15:30 001/p1 | F67: =TEXT(IF($B67=0," ",$B67-F$6),"hh:mm am/pm") -> 16:30 001/p1 | G67: =TEXT(IF($B67=0," ",$B67-G$6),"hh:mm am/pm") -> 17:30 001/p1 | H67: =TEXT(IF($B67=0," ",$B67+H$6),"hh:mm am/pm") -> 00:30 001/p1 | I67: =TEXT(IF($B67=0," ",$B67+I$6),"hh:mm am/pm") -> 05:30 001/p1 | J67: #AS 7.5K Mini Plus+SPS | L67: #AS Mini Plus+SPS | M67: Side Event | N67: NLH | O67: OFF | P67: 9 | Q67: 1700 | R67: 1 Ticket SPS 76-M Supremo | T67: 20% Flat | U67: Only buy-in | V67: 0.6 | W67: 0.6 | Y67: No limit + double rebuy | Z67: 0.6 | AA67: 120000 | AB67: 5 min | AC67: 0.1 | AD67: 0.02 | AE67: Turbo | AF67: 40000 | AG67: 8 | AH67: 7 | AI67: 7 | AJ67: 15 | AK67: 2-10000 | AL67: Level 0 20% | AM67: Only for in-game players | AN67: Off - ilimitado | AO67: =IF(B67=0," ",TIME(,ROUNDDOWN(AG67*AJ67/60,0)*5+(AG67*AJ67),)+B67) -> 0.86112269 | AP67: =IF(Q67=0,,ROUNDUP(Q67/(V67*(1-AC67-AD67)),0)) -> 3220 | AQ67: =IFERROR(IF(V67=0," ",IF(V67<=5,"MICRO",IF(V67<=19.8,"LOW",IF(V67<=99.8,"MEDIUM",IF(V67<=500,"HIGH",IF(V67>500,"SUPER HIGH",)))))),"") -> MICRO
B68: 0.79167824 | C68: =TEXT(IF($B68=0," ",$B68-C$6),"hh:mm am/pm") -> 17:00 001/p1 | D68: =TEXT(IF($B68=0," ",$B68-D$6),"hh:mm am/pm") -> 15:00 001/p1 | E68: =TEXT(IF($B68=0," ",$B68-E$6),"hh:mm am/pm") -> 16:00 001/p1 | F68: =TEXT(IF($B68=0," ",$B68-F$6),"hh:mm am/pm") -> 17:00 001/p1 | G68: =TEXT(IF($B68=0," ",$B68-G$6),"hh:mm am/pm") -> 18:00 001/p1 | H68: =TEXT(IF($B68=0," ",$B68+H$6),"hh:mm am/pm") -> 01:00 001/p1 | I68: =TEXT(IF($B68=0," ",$B68+I$6),"hh:mm am/pm") -> 06:00 001/p1 | J68: #AS 2.5K Omax K.O | L68: #AS Omax K.O | M68: Side Event | N68: PLO5 | O68: Regular KO 1/3 | P68: 6 | Q68: 500 | R68: n/a | T68: 15% New | U68: Only buy-in | V68: 2 | W68: 2 | Y68: No Limit | AA68: REENTRY | AB68: 5 min | AC68: 0.1 | AD68: 0.02 | AE68: Turbo | AF68: 50000 | AG68: 10 | AH68: 8 | AI68: 8 | AJ68: 15 | AK68: 2-10000 | AL68: Level 0 20% | AM68: Only for in-game players | AN68: Off - ilimitado | AO68: =IF(B68=0," ",TIME(,ROUNDDOWN(AG68*AJ68/60,0)*5+(AG68*AJ68),)+B68) -> 0.90278935 | AP68: =IF(Q68=0,,ROUNDUP(Q68/(V68*(1-AC68-AD68)),0)) -> 285 | AQ68: =IFERROR(IF(V68=0," ",IF(V68<=5,"MICRO",IF(V68<=19.8,"LOW",IF(V68<=99.8,"MEDIUM",IF(V68<=500,"HIGH",IF(V68>500,"SUPER HIGH",)))))),"") -> MICRO
B69: 0.79167824 | C69: =TEXT(IF($B69=0," ",$B69-C$6),"hh:mm am/pm") -> 17:00 001/p1 | D69: =TEXT(IF($B69=0," ",$B69-D$6),"hh:mm am/pm") -> 15:00 001/p1 | E69: =TEXT(IF($B69=0," ",$B69-E$6),"hh:mm am/pm") -> 16:00 001/p1 | F69: =TEXT(IF($B69=0," ",$B69-F$6),"hh:mm am/pm") -> 17:00 001/p1 | G69: =TEXT(IF($B69=0," ",$B69-G$6),"hh:mm am/pm") -> 18:00 001/p1 | H69: =TEXT(IF($B69=0," ",$B69+H$6),"hh:mm am/pm") -> 01:00 001/p1 | I69: =TEXT(IF($B69=0," ",$B69+I$6),"hh:mm am/pm") -> 06:00 001/p1 | J69: #AS 5K Mystery+Plus | L69: #AS Mystery+Plus | M69: Side Event | N69: NLH | O69: Mystery Bounty 1/2 | P69: 8 | Q69: 1000 | R69: n/a | T69: 15% New | U69: Only buy-in | V69: 2 | W69: 2 | Y69: No Limit | Z69: 1 | AA69: 20000 | AB69: 5 min | AC69: 0.1 | AD69: 0.02 | AE69: Turbo | AF69: 30000 | AG69: 8 | AH69: 8 | AI69: 8 | AJ69: 14 | AK69: 2-10000 | AL69: Level 0 20% | AM69: Only for in-game players | AN69: Off - ilimitado | AO69: =IF(B69=0," ",TIME(,ROUNDDOWN(AG69*AJ69/60,0)*5+(AG69*AJ69),)+B69) -> 0.87292824 | AP69: =IF(Q69=0,,ROUNDUP(Q69/(V69*(1-AC69-AD69)),0)) -> 569 | AQ69: =IFERROR(IF(V69=0," ",IF(V69<=5,"MICRO",IF(V69<=19.8,"LOW",IF(V69<=99.8,"MEDIUM",IF(V69<=500,"HIGH",IF(V69>500,"SUPER HIGH",)))))),"") -> MICRO
A70: MONDAY | B70: 0.80209491 | C70: =TEXT(IF($B70=0," ",$B70-C$6),"hh:mm am/pm") -> 17:15 001/p1 | D70: =TEXT(IF($B70=0," ",$B70-D$6),"hh:mm am/pm") -> 15:15 001/p1 | E70: =TEXT(IF($B70=0," ",$B70-E$6),"hh:mm am/pm") -> 16:15 001/p1 | F70: =TEXT(IF($B70=0," ",$B70-F$6),"hh:mm am/pm") -> 17:15 001/p1 | G70: =TEXT(IF($B70=0," ",$B70-G$6),"hh:mm am/pm") -> 18:15 001/p1 | H70: =TEXT(IF($B70=0," ",$B70+H$6),"hh:mm am/pm") -> 01:15 001/p1 | I70: =TEXT(IF($B70=0," ",$B70+I$6),"hh:mm am/pm") -> 06:15 001/p1 | J70: Sit&go 200p max. | L70: Sit&go 200p max. | M70: Side Event | N70: NLH | O70: OFF | P70: 9 | Q70: 50 | R70: n/a | T70: 15% New | U70: Only buy-in | V70: 0.6 | W70: 0.6 | Y70: No Limit | Z70: 0.6 | AA70: 30000 | AB70: 5 min | AC70: 0.1 | AD70: 0 | AE70: Regular (padrão) | AF70: 20000 | AG70: 5 | AH70: 5 | AI70: 5 | AJ70: 15 | AK70: 2-200 | AL70: Level 0 20% | AM70: Only for in-game players | AN70: Off - ilimitado | AO70: =IF(B70=0," ",TIME(,ROUNDDOWN(AG70*AJ70/60,0)*5+(AG70*AJ70),)+B70) -> 0.85765046 | AP70: =IF(Q70=0,,ROUNDUP(Q70/(V70*(1-AC70-AD70)),0)) -> 93 | AQ70: =IFERROR(IF(V70=0," ",IF(V70<=5,"MICRO",IF(V70<=19.8,"LOW",IF(V70<=99.8,"MEDIUM",IF(V70<=500,"HIGH",IF(V70>500,"SUPER HIGH",)))))),"") -> MICRO
B71: 0.81251157 | C71: =TEXT(IF($B71=0," ",$B71-C$6),"hh:mm am/pm") -> 17:30 001/p1 | D71: =TEXT(IF($B71=0," ",$B71-D$6),"hh:mm am/pm") -> 15:30 001/p1 | E71: =TEXT(IF($B71=0," ",$B71-E$6),"hh:mm am/pm") -> 16:30 001/p1 | F71: =TEXT(IF($B71=0," ",$B71-F$6),"hh:mm am/pm") -> 17:30 001/p1 | G71: =TEXT(IF($B71=0," ",$B71-G$6),"hh:mm am/pm") -> 18:30 001/p1 | H71: =TEXT(IF($B71=0," ",$B71+H$6),"hh:mm am/pm") -> 01:30 001/p1 | I71: =TEXT(IF($B71=0," ",$B71+I$6),"hh:mm am/pm") -> 06:30 001/p1 | J71: FreeRoll Suprema | L71: FreeRoll Suprema | M71: Side Event | N71: NLH | O71: OFF | P71: 9 | Q71: 100 | R71: 1 Ticket SPS 312-L M.E | S71: Contas verificadas | T71: 15% New | U71: Only buy-in | V71: 0 | W71: 0 | Y71: Off (0) | AA71: FREEZE | AB71: 30 seg | AC71: 0 | AD71: 0 | AE71: Hyper turbo | AF71: 10000 | AG71: 5 | AH71: 5 | AI71: 5 | AJ71: 6 | AK71: 2-800 | AM71: Only for in-game players | AN71: Off - ilimitado | AO71: =IF(B71=0," ",TIME(,ROUNDDOWN(AG71*AJ71/60,0)*5+(AG71*AJ71),)+B71) -> 0.83334491 | AP71: =IF(Q71=0,,ROUNDUP(Q71/(V71*(1-AC71-AD71)),0)) -> #DIV/0! | AQ71: =IFERROR(IF(V71=0," ",IF(V71<=5,"MICRO",IF(V71<=19.8,"LOW",IF(V71<=99.8,"MEDIUM",IF(V71<=500,"HIGH",IF(V71>500,"SUPER HIGH",)))))),"")
B72: 0.81251157 | C72: =TEXT(IF($B72=0," ",$B72-C$6),"hh:mm am/pm") -> 17:30 001/p1 | D72: =TEXT(IF($B72=0," ",$B72-D$6),"hh:mm am/pm") -> 15:30 001/p1 | E72: =TEXT(IF($B72=0," ",$B72-E$6),"hh:mm am/pm") -> 16:30 001/p1 | F72: =TEXT(IF($B72=0," ",$B72-F$6),"hh:mm am/pm") -> 17:30 001/p1 | G72: =TEXT(IF($B72=0," ",$B72-G$6),"hh:mm am/pm") -> 18:30 001/p1 | H72: =TEXT(IF($B72=0," ",$B72+H$6),"hh:mm am/pm") -> 01:30 001/p1 | I72: =TEXT(IF($B72=0," ",$B72+I$6),"hh:mm am/pm") -> 06:30 001/p1 | J72: #AS 30K OmaX PKO | L72: #AS OmaX PKO | M72: Side Event | N72: PLO5 | O72: Progressive KO 1/2 | P72: 6 | Q72: 6000 | R72: n/a | T72: 15% Plus | U72: Only buy-in | V72: 30 | W72: 30 | Y72: No Limit | AA72: REENTRY | AB72: 5 min | AC72: 0.1 | AD72: 0.02 | AE72: Hyper turbo | AF72: 60000 | AG72: 10 | AH72: 10 | AI72: 10 | AJ72: 14 | AK72: 2-10000 | AL72: Level 0 20% | AM72: Only for in-game players | AN72: 5X | AO72: =IF(B72=0," ",TIME(,ROUNDDOWN(AG72*AJ72/60,0)*5+(AG72*AJ72),)+B72) -> 0.91667824 | AP72: =IF(Q72=0,,ROUNDUP(Q72/(V72*(1-AC72-AD72)),0)) -> 228 | AQ72: =IFERROR(IF(V72=0," ",IF(V72<=5,"MICRO",IF(V72<=19.8,"LOW",IF(V72<=99.8,"MEDIUM",IF(V72<=500,"HIGH",IF(V72>500,"SUPER HIGH",)))))),"") -> MEDIUM
A73: MONDAY | B73: 0.83334491 | C73: =TEXT(IF($B73=0," ",$B73-C$6),"hh:mm am/pm") -> 18:00 001/p1 | D73: =TEXT(IF($B73=0," ",$B73-D$6),"hh:mm am/pm") -> 16:00 001/p1 | E73: =TEXT(IF($B73=0," ",$B73-E$6),"hh:mm am/pm") -> 17:00 001/p1 | F73: =TEXT(IF($B73=0," ",$B73-F$6),"hh:mm am/pm") -> 18:00 001/p1 | G73: =TEXT(IF($B73=0," ",$B73-G$6),"hh:mm am/pm") -> 19:00 001/p1 | H73: =TEXT(IF($B73=0," ",$B73+H$6),"hh:mm am/pm") -> 02:00 001/p1 | I73: =TEXT(IF($B73=0," ",$B73+I$6),"hh:mm am/pm") -> 07:00 001/p1 | J73: #AS 5K Omax | L73: #AS Omax | M73: Side Event | N73: PLO6 | O73: OFF | P73: 6 | Q73: 1000 | R73: n/a | T73: 15% New | U73: Only buy-in | V73: 2 | W73: 2 | Y73: No limit + double rebuy | Z73: 2 | AA73: 120000 | AB73: 5 min | AC73: 0.1 | AD73: 0.02 | AE73: Hyper turbo | AF73: 40000 | AG73: 10 | AH73: 8 | AI73: 8 | AJ73: 12 | AK73: 2-10000 | AL73: Level 0 20% | AM73: Only for in-game players | AN73: Off - ilimitado | AO73: =IF(B73=0," ",TIME(,ROUNDDOWN(AG73*AJ73/60,0)*5+(AG73*AJ73),)+B73) -> 0.92362269 | AP73: =IF(Q73=0,,ROUNDUP(Q73/(V73*(1-AC73-AD73)),0)) -> 569 | AQ73: =IFERROR(IF(V73=0," ",IF(V73<=5,"MICRO",IF(V73<=19.8,"LOW",IF(V73<=99.8,"MEDIUM",IF(V73<=500,"HIGH",IF(V73>500,"SUPER HIGH",)))))),"") -> MICRO
B74: 0.83334491 | C74: =TEXT(IF($B74=0," ",$B74-C$6),"hh:mm am/pm") -> 18:00 001/p1 | D74: =TEXT(IF($B74=0," ",$B74-D$6),"hh:mm am/pm") -> 16:00 001/p1 | E74: =TEXT(IF($B74=0," ",$B74-E$6),"hh:mm am/pm") -> 17:00 001/p1 | F74: =TEXT(IF($B74=0," ",$B74-F$6),"hh:mm am/pm") -> 18:00 001/p1 | G74: =TEXT(IF($B74=0," ",$B74-G$6),"hh:mm am/pm") -> 19:00 001/p1 | H74: =TEXT(IF($B74=0," ",$B74+H$6),"hh:mm am/pm") -> 02:00 001/p1 | I74: =TEXT(IF($B74=0," ",$B74+I$6),"hh:mm am/pm") -> 07:00 001/p1 | J74: #AS 20K Freeze | L74: #AS Freeze | M74: Side Event | N74: NLH | O74: OFF | P74: 8 | Q74: 4000 | R74: n/a | S74: 3 Vip Gold 7 dias | T74: 15% New | U74: Only buy-in | V74: 15 | Y74: Off (0) | AA74: FREEZE | AB74: 5 min | AC74: 0.08 | AD74: 0.02 | AE74: Turbo | AF74: 50000 | AG74: 10 | AH74: 10 | AI74: 10 | AJ74: 15 | AK74: 2-10000 | AL74: Level 0 20% | AM74: Only for in-game players | AN74: Off - ilimitado | AO74: =IF(B74=0," ",TIME(,ROUNDDOWN(AG74*AJ74/60,0)*5+(AG74*AJ74),)+B74) -> 0.94445602 | AP74: =IF(Q74=0,,ROUNDUP(Q74/(V74*(1-AC74-AD74)),0)) -> 297 | AQ74: =IFERROR(IF(V74=0," ",IF(V74<=5,"MICRO",IF(V74<=19.8,"LOW",IF(V74<=99.8,"MEDIUM",IF(V74<=500,"HIGH",IF(V74>500,"SUPER HIGH",)))))),"") -> LOW
B75: 0.83334491 | C75: =TEXT(IF($B75=0," ",$B75-C$6),"hh:mm am/pm") -> 18:00 001/p1 | D75: =TEXT(IF($B75=0," ",$B75-D$6),"hh:mm am/pm") -> 16:00 001/p1 | E75: =TEXT(IF($B75=0," ",$B75-E$6),"hh:mm am/pm") -> 17:00 001/p1 | F75: =TEXT(IF($B75=0," ",$B75-F$6),"hh:mm am/pm") -> 18:00 001/p1 | G75: =TEXT(IF($B75=0," ",$B75-G$6),"hh:mm am/pm") -> 19:00 001/p1 | H75: =TEXT(IF($B75=0," ",$B75+H$6),"hh:mm am/pm") -> 02:00 001/p1 | I75: =TEXT(IF($B75=0," ",$B75+I$6),"hh:mm am/pm") -> 07:00 001/p1 | J75: #AS 20K Omax Turbo | L75: #AS Omax Turbo | M75: Side Event | N75: PLO5 | O75: Progressive KO 1/2 | P75: 6 | Q75: 4000 | R75: n/a | T75: 15% Plus | U75: Buy-in+Rebuy | V75: 11 | W75: 11 | Y75: No Limit | AA75: REENTRY | AB75: 5 min | AC75: 0.1 | AD75: 0.02 | AE75: Turbo | AF75: 50000 | AG75: 8 | AH75: 7 | AI75: 7 | AJ75: 15 | AK75: 2-10000 | AL75: Level 0 20% | AM75: Only for in-game players | AN75: Off - ilimitado | AO75: =IF(B75=0," ",TIME(,ROUNDDOWN(AG75*AJ75/60,0)*5+(AG75*AJ75),)+B75) -> 0.92362269 | AP75: =IF(Q75=0,,ROUNDUP(Q75/(V75*(1-AC75-AD75)),0)) -> 414 | AQ75: =IFERROR(IF(V75=0," ",IF(V75<=5,"MICRO",IF(V75<=19.8,"LOW",IF(V75<=99.8,"MEDIUM",IF(V75<=500,"HIGH",IF(V75>500,"SUPER HIGH",)))))),"") -> LOW
A76: MONDAY | B76: 0.83334491 | C76: =TEXT(IF($B76=0," ",$B76-C$6),"hh:mm am/pm") -> 18:00 001/p1 | D76: =TEXT(IF($B76=0," ",$B76-D$6),"hh:mm am/pm") -> 16:00 001/p1 | E76: =TEXT(IF($B76=0," ",$B76-E$6),"hh:mm am/pm") -> 17:00 001/p1 | F76: =TEXT(IF($B76=0," ",$B76-F$6),"hh:mm am/pm") -> 18:00 001/p1 | G76: =TEXT(IF($B76=0," ",$B76-G$6),"hh:mm am/pm") -> 19:00 001/p1 | H76: =TEXT(IF($B76=0," ",$B76+H$6),"hh:mm am/pm") -> 02:00 001/p1 | I76: =TEXT(IF($B76=0," ",$B76+I$6),"hh:mm am/pm") -> 07:00 001/p1 | J76: #AS 20K Plus+SPS | L76: #AS Plus+SPS | M76: Side Event | N76: NLH | O76: OFF | P76: 9 | Q76: 4200 | R76: 1 Ticket SPS 76-M Supremo | T76: 20% Flat | U76: Only buy-in | V76: 1 | W76: 1 | Y76: No limit + double rebuy | Z76: 1 | AA76: 160000 | AB76: 5 min | AC76: 0.1 | AD76: 0.02 | AE76: Turbo | AF76: 40000 | AG76: 8 | AH76: 7 | AI76: 8 | AJ76: 15 | AK76: 2-10000 | AL76: Level 0 20% | AM76: Only for in-game players | AN76: Off - ilimitado | AO76: =IF(B76=0," ",TIME(,ROUNDDOWN(AG76*AJ76/60,0)*5+(AG76*AJ76),)+B76) -> 0.92362269 | AP76: =IF(Q76=0,,ROUNDUP(Q76/(V76*(1-AC76-AD76)),0)) -> 4773 | AQ76: =IFERROR(IF(V76=0," ",IF(V76<=5,"MICRO",IF(V76<=19.8,"LOW",IF(V76<=99.8,"MEDIUM",IF(V76<=500,"HIGH",IF(V76>500,"SUPER HIGH",)))))),"") -> MICRO
B77: 0.83334491 | C77: =TEXT(IF($B77=0," ",$B77-C$6),"hh:mm am/pm") -> 18:00 001/p1 | D77: =TEXT(IF($B77=0," ",$B77-D$6),"hh:mm am/pm") -> 16:00 001/p1 | E77: =TEXT(IF($B77=0," ",$B77-E$6),"hh:mm am/pm") -> 17:00 001/p1 | F77: =TEXT(IF($B77=0," ",$B77-F$6),"hh:mm am/pm") -> 18:00 001/p1 | G77: =TEXT(IF($B77=0," ",$B77-G$6),"hh:mm am/pm") -> 19:00 001/p1 | H77: =TEXT(IF($B77=0," ",$B77+H$6),"hh:mm am/pm") -> 02:00 001/p1 | I77: =TEXT(IF($B77=0," ",$B77+I$6),"hh:mm am/pm") -> 07:00 001/p1 | J77: #AS 15K Mystery | L77: #AS Mystery | M77: Side Event | N77: NLH | O77: Mystery Bounty 1/2 | P77: 8 | Q77: 3000 | R77: n/a | T77: 15% New | U77: Only buy-in | V77: 8 | W77: 8 | Y77: No Limit | AA77: REENTRY | AB77: 5 min | AC77: 0.1 | AD77: 0.02 | AE77: Hyper turbo | AF77: 60000 | AG77: 10 | AH77: 8 | AI77: 8 | AJ77: 14 | AK77: 2-10000 | AL77: Level 0 20% | AM77: Only for in-game players | AN77: Off - ilimitado | AO77: =IF(B77=0," ",TIME(,ROUNDDOWN(AG77*AJ77/60,0)*5+(AG77*AJ77),)+B77) -> 0.93751157 | AP77: =IF(Q77=0,,ROUNDUP(Q77/(V77*(1-AC77-AD77)),0)) -> 427 | AQ77: =IFERROR(IF(V77=0," ",IF(V77<=5,"MICRO",IF(V77<=19.8,"LOW",IF(V77<=99.8,"MEDIUM",IF(V77<=500,"HIGH",IF(V77>500,"SUPER HIGH",)))))),"") -> LOW
A78: MONDAY | C78: =TEXT(IF($B78=0," ",$B78-C$6),"hh:mm am/pm") | D78: =TEXT(IF($B78=0," ",$B78-D$6),"hh:mm am/pm") | E78: =TEXT(IF($B78=0," ",$B78-E$6),"hh:mm am/pm") | F78: =TEXT(IF($B78=0," ",$B78-F$6),"hh:mm am/pm") | G78: =TEXT(IF($B78=0," ",$B78-G$6),"hh:mm am/pm") | H78: =TEXT(IF($B78=0," ",$B78+H$6),"hh:mm am/pm") | I78: =TEXT(IF($B78=0," ",$B78+I$6),"hh:mm am/pm") | J78: MTT | L78: SATELLITE
B79: 0.41667824 | C79: =TEXT(IF($B79=0," ",$B79-C$6),"hh:mm am/pm") -> 08:00 001/p1 | D79: =TEXT(IF($B79=0," ",$B79-D$6),"hh:mm am/pm") -> 06:00 001/p1 | E79: =TEXT(IF($B79=0," ",$B79-E$6),"hh:mm am/pm") -> 07:00 001/p1 | F79: =TEXT(IF($B79=0," ",$B79-F$6),"hh:mm am/pm") -> 08:00 001/p1 | G79: =TEXT(IF($B79=0," ",$B79-G$6),"hh:mm am/pm") -> 09:00 001/p1 | H79: =TEXT(IF($B79=0," ",$B79+H$6),"hh:mm am/pm") -> 16:00 001/p1 | I79: =TEXT(IF($B79=0," ",$B79+I$6),"hh:mm am/pm") -> 21:00 001/p1 | J79: =L49 -> #AS Reentry | L79: 4 Seats Reentry | M79: SAT | N79: NLH | O79: OFF | P79: 9 | Q79: =15*4 -> 60 | R79: n/a | T79: 0.1 | U79: Only buy-in | V79: 0.8 | W79: 0.8 | Y79: No limit + double rebuy | Z79: 0.8 | AA79: 20000 | AB79: 5 min | AC79: 0.05 | AD79: 0 | AE79: Hyper turbo | AF79: 10000 | AG79: 4 | AH79: 4 | AI79: 4 | AJ79: 9 | AK79: 2-10000 | AL79: Level 0 20% | AM79: Ban chat for everyone | AN79: 3X | AO79: =IF(B79=0," ",TIME(,ROUNDDOWN(AG79*AJ79/60,0)*5+(AG79*AJ79),)+B79) -> 0.44167824 | AP79: =IF(Q79=0,,ROUNDUP(Q79/(V79*(1-AC79-AD79)),0)) -> 79 | AQ79: =IFERROR(IF(V79=0," ",IF(V79<=5,"MICRO",IF(V79<=19.8,"LOW",IF(V79<=99.8,"MEDIUM",IF(V79<=500,"HIGH",IF(V79>500,"SUPER HIGH",)))))),"") -> MICRO
C80: =TEXT(IF($B80=0," ",$B80-C$6),"hh:mm am/pm") | D80: =TEXT(IF($B80=0," ",$B80-D$6),"hh:mm am/pm") | E80: =TEXT(IF($B80=0," ",$B80-E$6),"hh:mm am/pm") | F80: =TEXT(IF($B80=0," ",$B80-F$6),"hh:mm am/pm") | G80: =TEXT(IF($B80=0," ",$B80-G$6),"hh:mm am/pm") | H80: =TEXT(IF($B80=0," ",$B80+H$6),"hh:mm am/pm") | I80: =TEXT(IF($B80=0," ",$B80+I$6),"hh:mm am/pm")
A81: MONDAY | B81: 0.43751157 | C81: =TEXT(IF($B81=0," ",$B81-C$6),"hh:mm am/pm") -> 08:30 001/p1 | D81: =TEXT(IF($B81=0," ",$B81-D$6),"hh:mm am/pm") -> 06:30 001/p1 | E81: =TEXT(IF($B81=0," ",$B81-E$6),"hh:mm am/pm") -> 07:30 001/p1 | F81: =TEXT(IF($B81=0," ",$B81-F$6),"hh:mm am/pm") -> 08:30 001/p1 | G81: =TEXT(IF($B81=0," ",$B81-G$6),"hh:mm am/pm") -> 09:30 001/p1 | H81: =TEXT(IF($B81=0," ",$B81+H$6),"hh:mm am/pm") -> 16:30 001/p1 | I81: =TEXT(IF($B81=0," ",$B81+I$6),"hh:mm am/pm") -> 21:30 001/p1 | J81: =L50 -> #AS OmaX PKO | L81: 5 Seats OmaX PKO | M81: SAT | N81: PLO5 | O81: OFF | P81: 6 | Q81: =12*5 -> 60 | R81: n/a | T81: 0.1 | U81: Only buy-in | V81: 0.6 | W81: 0.6 | Y81: No limit + double rebuy | Z81: 0.8 | AA81: 20000 | AB81: 5 min | AC81: 0.05 | AD81: 0 | AE81: Hyper turbo | AF81: 10000 | AG81: 4 | AH81: 4 | AI81: 4 | AJ81: 9 | AK81: 2-10000 | AL81: Level 0 20% | AM81: Ban chat for everyone | AN81: 3X | AO81: =IF(B81=0," ",TIME(,ROUNDDOWN(AG81*AJ81/60,0)*5+(AG81*AJ81),)+B81) -> 0.46251157 | AP81: =IF(Q81=0,,ROUNDUP(Q81/(V81*(1-AC81-AD81)),0)) -> 106 | AQ81: =IFERROR(IF(V81=0," ",IF(V81<=5,"MICRO",IF(V81<=19.8,"LOW",IF(V81<=99.8,"MEDIUM",IF(V81<=500,"HIGH",IF(V81>500,"SUPER HIGH",)))))),"") -> MICRO
C82: =TEXT(IF($B82=0," ",$B82-C$6),"hh:mm am/pm") | D82: =TEXT(IF($B82=0," ",$B82-D$6),"hh:mm am/pm") | E82: =TEXT(IF($B82=0," ",$B82-E$6),"hh:mm am/pm") | F82: =TEXT(IF($B82=0," ",$B82-F$6),"hh:mm am/pm") | G82: =TEXT(IF($B82=0," ",$B82-G$6),"hh:mm am/pm") | H82: =TEXT(IF($B82=0," ",$B82+H$6),"hh:mm am/pm") | I82: =TEXT(IF($B82=0," ",$B82+I$6),"hh:mm am/pm") | AO82: =IF(B82=0," ",TIME(,ROUNDDOWN(AG82*AJ82/60,0)*5+(AG82*AJ82),)+B82) | AP82: =IF(Q82=0,,ROUNDUP(Q82/(V82*(1-AC82-AD82)),0)) -> 0 | AQ82: =IFERROR(IF(V82=0," ",IF(V82<=5,"MICRO",IF(V82<=19.8,"LOW",IF(V82<=99.8,"MEDIUM",IF(V82<=500,"HIGH",IF(V82>500,"SUPER HIGH",)))))),"")
B83: 0.43751157 | C83: =TEXT(IF($B83=0," ",$B83-C$6),"hh:mm am/pm") -> 08:30 001/p1 | D83: =TEXT(IF($B83=0," ",$B83-D$6),"hh:mm am/pm") -> 06:30 001/p1 | E83: =TEXT(IF($B83=0," ",$B83-E$6),"hh:mm am/pm") -> 07:30 001/p1 | F83: =TEXT(IF($B83=0," ",$B83-F$6),"hh:mm am/pm") -> 08:30 001/p1 | G83: =TEXT(IF($B83=0," ",$B83-G$6),"hh:mm am/pm") -> 09:30 001/p1 | H83: =TEXT(IF($B83=0," ",$B83+H$6),"hh:mm am/pm") -> 16:30 001/p1 | I83: =TEXT(IF($B83=0," ",$B83+I$6),"hh:mm am/pm") -> 21:30 001/p1 | J83: =L7 -> #AS WarmUp | L83: 5 Seats WarmUp | M83: SAT | N83: NLH | O83: OFF | P83: 9 | Q83: =22*5 -> 110 | R83: n/a | T83: 0.1 | U83: Only buy-in | V83: 1.2 | W83: 1.2 | Y83: No limit + double rebuy | Z83: 1.2 | AA83: 20000 | AB83: 5 min | AC83: 0.05 | AD83: 0 | AE83: Hyper turbo | AF83: 10000 | AG83: 5 | AH83: 4 | AI83: 4 | AJ83: 9 | AK83: 2-10000 | AL83: Level 0 20% | AM83: Ban chat for everyone | AN83: 3X | AO83: =IF(B83=0," ",TIME(,ROUNDDOWN(AG83*AJ83/60,0)*5+(AG83*AJ83),)+B83) -> 0.46876157 | AP83: =IF(Q83=0,,ROUNDUP(Q83/(V83*(1-AC83-AD83)),0)) -> 97 | AQ83: =IFERROR(IF(V83=0," ",IF(V83<=5,"MICRO",IF(V83<=19.8,"LOW",IF(V83<=99.8,"MEDIUM",IF(V83<=500,"HIGH",IF(V83>500,"SUPER HIGH",)))))),"") -> MICRO
A84: MONDAY | B84: 0.47917824 | C84: =TEXT(IF($B84=0," ",$B84-C$6),"hh:mm am/pm") -> 09:30 001/p1 | D84: =TEXT(IF($B84=0," ",$B84-D$6),"hh:mm am/pm") -> 07:30 001/p1 | E84: =TEXT(IF($B84=0," ",$B84-E$6),"hh:mm am/pm") -> 08:30 001/p1 | F84: =TEXT(IF($B84=0," ",$B84-F$6),"hh:mm am/pm") -> 09:30 001/p1 | G84: =TEXT(IF($B84=0," ",$B84-G$6),"hh:mm am/pm") -> 10:30 001/p1 | H84: =TEXT(IF($B84=0," ",$B84+H$6),"hh:mm am/pm") -> 17:30 001/p1 | I84: =TEXT(IF($B84=0," ",$B84+I$6),"hh:mm am/pm") -> 22:30 001/p1 | L84: 5 Seats WarmUp | M84: SAT | N84: NLH | O84: OFF | P84: 9 | Q84: =22*5 -> 110 | R84: n/a | T84: 0.1 | U84: Only buy-in | V84: 1.2 | W84: 1.2 | Y84: No limit + double rebuy | Z84: 1.2 | AA84: 20000 | AB84: 5 min | AC84: 0.05 | AD84: 0 | AE84: Hyper turbo | AF84: 10000 | AG84: 4 | AH84: 4 | AI84: 4 | AJ84: 9 | AK84: 2-10000 | AL84: Level 0 20% | AM84: Ban chat for everyone | AN84: 3X | AO84: =IF(B84=0," ",TIME(,ROUNDDOWN(AG84*AJ84/60,0)*5+(AG84*AJ84),)+B84) -> 0.50417824 | AP84: =IF(Q84=0,,ROUNDUP(Q84/(V84*(1-AC84-AD84)),0)) -> 97 | AQ84: =IFERROR(IF(V84=0," ",IF(V84<=5,"MICRO",IF(V84<=19.8,"LOW",IF(V84<=99.8,"MEDIUM",IF(V84<=500,"HIGH",IF(V84>500,"SUPER HIGH",)))))),"") -> MICRO
C85: =TEXT(IF($B85=0," ",$B85-C$6),"hh:mm am/pm") | D85: =TEXT(IF($B85=0," ",$B85-D$6),"hh:mm am/pm") | E85: =TEXT(IF($B85=0," ",$B85-E$6),"hh:mm am/pm") | F85: =TEXT(IF($B85=0," ",$B85-F$6),"hh:mm am/pm") | G85: =TEXT(IF($B85=0," ",$B85-G$6),"hh:mm am/pm") | H85: =TEXT(IF($B85=0," ",$B85+H$6),"hh:mm am/pm") | I85: =TEXT(IF($B85=0," ",$B85+I$6),"hh:mm am/pm") | AO85: =IF(B85=0," ",TIME(,ROUNDDOWN(AG85*AJ85/60,0)*5+(AG85*AJ85),)+B85) | AP85: =IF(Q85=0,,ROUNDUP(Q85/(V85*(1-AC85-AD85)),0)) -> 0 | AQ85: =IFERROR(IF(V85=0," ",IF(V85<=5,"MICRO",IF(V85<=19.8,"LOW",IF(V85<=99.8,"MEDIUM",IF(V85<=500,"HIGH",IF(V85>500,"SUPER HIGH",)))))),"")
A86: MONDAY | B86: 0.54167824 | C86: =TEXT(IF($B86=0," ",$B86-C$6),"hh:mm am/pm") -> 11:00 001/p1 | D86: =TEXT(IF($B86=0," ",$B86-D$6),"hh:mm am/pm") -> 09:00 001/p1 | E86: =TEXT(IF($B86=0," ",$B86-E$6),"hh:mm am/pm") -> 10:00 001/p1 | F86: =TEXT(IF($B86=0," ",$B86-F$6),"hh:mm am/pm") -> 11:00 001/p1 | G86: =TEXT(IF($B86=0," ",$B86-G$6),"hh:mm am/pm") -> 12:00 001/p1 | H86: =TEXT(IF($B86=0," ",$B86+H$6),"hh:mm am/pm") -> 19:00 001/p1 | I86: =TEXT(IF($B86=0," ",$B86+I$6),"hh:mm am/pm") -> 00:00 001/p1 | J86: =L14 -> #AS Battle HR+SPS | L86: 4 Seats Battle HR | M86: SAT | N86: NLH | O86: OFF | P86: 8 | Q86: =50*4 -> 200 | R86: n/a | T86: 0.1 | U86: Only buy-in | V86: 3 | W86: 3 | Y86: No limit + double rebuy | Z86: 3 | AA86: 20000 | AB86: 5 min | AC86: 0.05 | AD86: 0 | AE86: Hyper turbo | AF86: 10000 | AG86: 5 | AH86: 4 | AI86: 4 | AJ86: 9 | AK86: 2-10000 | AL86: Level 0 20% | AM86: Ban chat for everyone | AN86: 3X | AO86: =IF(B86=0," ",TIME(,ROUNDDOWN(AG86*AJ86/60,0)*5+(AG86*AJ86),)+B86) -> 0.57292824 | AP86: =IF(Q86=0,,ROUNDUP(Q86/(V86*(1-AC86-AD86)),0)) -> 71 | AQ86: =IFERROR(IF(V86=0," ",IF(V86<=5,"MICRO",IF(V86<=19.8,"LOW",IF(V86<=99.8,"MEDIUM",IF(V86<=500,"HIGH",IF(V86>500,"SUPER HIGH",)))))),"") -> MICRO
B87: 0.58334491 | C87: =TEXT(IF($B87=0," ",$B87-C$6),"hh:mm am/pm") -> 12:00 001/p1 | D87: =TEXT(IF($B87=0," ",$B87-D$6),"hh:mm am/pm") -> 10:00 001/p1 | E87: =TEXT(IF($B87=0," ",$B87-E$6),"hh:mm am/pm") -> 11:00 001/p1 | F87: =TEXT(IF($B87=0," ",$B87-F$6),"hh:mm am/pm") -> 12:00 001/p1 | G87: =TEXT(IF($B87=0," ",$B87-G$6),"hh:mm am/pm") -> 13:00 001/p1 | H87: =TEXT(IF($B87=0," ",$B87+H$6),"hh:mm am/pm") -> 20:00 001/p1 | I87: =TEXT(IF($B87=0," ",$B87+I$6),"hh:mm am/pm") -> 01:00 001/p1 | L87: 6 Seats Battle HR | M87: SAT | N87: NLH | O87: OFF | P87: 8 | Q87: =50*6 -> 300 | R87: n/a | T87: 0.1 | U87: Only buy-in | V87: 3.2 | W87: 3.2 | Y87: No limit + double rebuy | Z87: 3.2 | AA87: 20000 | AB87: 5 min | AC87: 0.05 | AD87: 0 | AE87: Hyper turbo | AF87: 10000 | AG87: 5 | AH87: 4 | AI87: 4 | AJ87: 9 | AK87: 2-10000 | AL87: Level 0 20% | AM87: Ban chat for everyone | AN87: 3X | AO87: =IF(B87=0," ",TIME(,ROUNDDOWN(AG87*AJ87/60,0)*5+(AG87*AJ87),)+B87) -> 0.61459491 | AP87: =IF(Q87=0,,ROUNDUP(Q87/(V87*(1-AC87-AD87)),0)) -> 99 | AQ87: =IFERROR(IF(V87=0," ",IF(V87<=5,"MICRO",IF(V87<=19.8,"LOW",IF(V87<=99.8,"MEDIUM",IF(V87<=500,"HIGH",IF(V87>500,"SUPER HIGH",)))))),"") -> MICRO
B88: 0.62501157 | C88: =TEXT(IF($B88=0," ",$B88-C$6),"hh:mm am/pm") -> 13:00 001/p1 | D88: =TEXT(IF($B88=0," ",$B88-D$6),"hh:mm am/pm") -> 11:00 001/p1 | E88: =TEXT(IF($B88=0," ",$B88-E$6),"hh:mm am/pm") -> 12:00 001/p1 | F88: =TEXT(IF($B88=0," ",$B88-F$6),"hh:mm am/pm") -> 13:00 001/p1 | G88: =TEXT(IF($B88=0," ",$B88-G$6),"hh:mm am/pm") -> 14:00 001/p1 | H88: =TEXT(IF($B88=0," ",$B88+H$6),"hh:mm am/pm") -> 21:00 001/p1 | I88: =TEXT(IF($B88=0," ",$B88+I$6),"hh:mm am/pm") -> 02:00 001/p1 | L88: 7 Seats Battle HR | M88: SAT | N88: NLH | O88: OFF | P88: 8 | Q88: =50*7 -> 350 | R88: n/a | T88: 0.1 | U88: Only buy-in | V88: 3.2 | W88: 3.2 | Y88: No limit + double rebuy | Z88: 3.2 | AA88: 20000 | AB88: 5 min | AC88: 0.05 | AD88: 0 | AE88: Hyper turbo | AF88: 10000 | AG88: 5 | AH88: 4 | AI88: 4 | AJ88: 9 | AK88: 2-10000 | AL88: Level 0 20% | AM88: Ban chat for everyone | AN88: 3X | AO88: =IF(B88=0," ",TIME(,ROUNDDOWN(AG88*AJ88/60,0)*5+(AG88*AJ88),)+B88) -> 0.65626157 | AP88: =IF(Q88=0,,ROUNDUP(Q88/(V88*(1-AC88-AD88)),0)) -> 116 | AQ88: =IFERROR(IF(V88=0," ",IF(V88<=5,"MICRO",IF(V88<=19.8,"LOW",IF(V88<=99.8,"MEDIUM",IF(V88<=500,"HIGH",IF(V88>500,"SUPER HIGH",)))))),"") -> MICRO
A89: MONDAY | B89: 0.68751157 | C89: =TEXT(IF($B89=0," ",$B89-C$6),"hh:mm am/pm") -> 14:30 001/p1 | D89: =TEXT(IF($B89=0," ",$B89-D$6),"hh:mm am/pm") -> 12:30 001/p1 | E89: =TEXT(IF($B89=0," ",$B89-E$6),"hh:mm am/pm") -> 13:30 001/p1 | F89: =TEXT(IF($B89=0," ",$B89-F$6),"hh:mm am/pm") -> 14:30 001/p1 | G89: =TEXT(IF($B89=0," ",$B89-G$6),"hh:mm am/pm") -> 15:30 001/p1 | H89: =TEXT(IF($B89=0," ",$B89+H$6),"hh:mm am/pm") -> 22:30 001/p1 | I89: =TEXT(IF($B89=0," ",$B89+I$6),"hh:mm am/pm") -> 03:30 001/p1 | L89: 8 Seats Battle HR | M89: SAT | N89: NLH | O89: OFF | P89: 8 | Q89: =50*8 -> 400 | R89: n/a | T89: 0.1 | U89: Only buy-in | V89: 3.2 | W89: 3.2 | Y89: No limit + double rebuy | Z89: 3.2 | AA89: 20000 | AB89: 5 min | AC89: 0.05 | AD89: 0 | AE89: Hyper turbo | AF89: 10000 | AG89: 4 | AH89: 4 | AI89: 4 | AJ89: 9 | AK89: 2-10000 | AL89: Level 0 20% | AM89: Ban chat for everyone | AN89: 3X | AO89: =IF(B89=0," ",TIME(,ROUNDDOWN(AG89*AJ89/60,0)*5+(AG89*AJ89),)+B89) -> 0.71251157 | AP89: =IF(Q89=0,,ROUNDUP(Q89/(V89*(1-AC89-AD89)),0)) -> 132 | AQ89: =IFERROR(IF(V89=0," ",IF(V89<=5,"MICRO",IF(V89<=19.8,"LOW",IF(V89<=99.8,"MEDIUM",IF(V89<=500,"HIGH",IF(V89>500,"SUPER HIGH",)))))),"") -> MICRO
B90: 0.72917824 | C90: =TEXT(IF($B90=0," ",$B90-C$6),"hh:mm am/pm") -> 15:30 001/p1 | D90: =TEXT(IF($B90=0," ",$B90-D$6),"hh:mm am/pm") -> 13:30 001/p1 | E90: =TEXT(IF($B90=0," ",$B90-E$6),"hh:mm am/pm") -> 14:30 001/p1 | F90: =TEXT(IF($B90=0," ",$B90-F$6),"hh:mm am/pm") -> 15:30 001/p1 | G90: =TEXT(IF($B90=0," ",$B90-G$6),"hh:mm am/pm") -> 16:30 001/p1 | H90: =TEXT(IF($B90=0," ",$B90+H$6),"hh:mm am/pm") -> 23:30 001/p1 | I90: =TEXT(IF($B90=0," ",$B90+I$6),"hh:mm am/pm") -> 04:30 001/p1 | L90: 10 Seats Battle HR | M90: SAT | N90: NLH | O90: OFF | P90: 8 | Q90: =50*10 -> 500 | R90: n/a | T90: 0.1 | U90: Only buy-in | V90: 3.2 | W90: 3.2 | Y90: No limit + double rebuy | Z90: 3.2 | AA90: 20000 | AB90: 5 min | AC90: 0.05 | AD90: 0 | AE90: Hyper turbo | AF90: 10000 | AG90: 4 | AH90: 4 | AI90: 4 | AJ90: 9 | AK90: 2-10000 | AL90: Level 0 20% | AM90: Ban chat for everyone | AN90: 3X | AO90: =IF(B90=0," ",TIME(,ROUNDDOWN(AG90*AJ90/60,0)*5+(AG90*AJ90),)+B90) -> 0.75417824 | AP90: =IF(Q90=0,,ROUNDUP(Q90/(V90*(1-AC90-AD90)),0)) -> 165 | AQ90: =IFERROR(IF(V90=0," ",IF(V90<=5,"MICRO",IF(V90<=19.8,"LOW",IF(V90<=99.8,"MEDIUM",IF(V90<=500,"HIGH",IF(V90>500,"SUPER HIGH",)))))),"") -> MICRO
C91: =TEXT(IF($B91=0," ",$B91-C$6),"hh:mm am/pm") | D91: =TEXT(IF($B91=0," ",$B91-D$6),"hh:mm am/pm") | E91: =TEXT(IF($B91=0," ",$B91-E$6),"hh:mm am/pm") | F91: =TEXT(IF($B91=0," ",$B91-F$6),"hh:mm am/pm") | G91: =TEXT(IF($B91=0," ",$B91-G$6),"hh:mm am/pm") | H91: =TEXT(IF($B91=0," ",$B91+H$6),"hh:mm am/pm") | I91: =TEXT(IF($B91=0," ",$B91+I$6),"hh:mm am/pm")
A92: MONDAY | B92: 0.56251157 | C92: =TEXT(IF($B92=0," ",$B92-C$6),"hh:mm am/pm") -> 11:30 001/p1 | D92: =TEXT(IF($B92=0," ",$B92-D$6),"hh:mm am/pm") -> 09:30 001/p1 | E92: =TEXT(IF($B92=0," ",$B92-E$6),"hh:mm am/pm") -> 10:30 001/p1 | F92: =TEXT(IF($B92=0," ",$B92-F$6),"hh:mm am/pm") -> 11:30 001/p1 | G92: =TEXT(IF($B92=0," ",$B92-G$6),"hh:mm am/pm") -> 12:30 001/p1 | H92: =TEXT(IF($B92=0," ",$B92+H$6),"hh:mm am/pm") -> 19:30 001/p1 | I92: =TEXT(IF($B92=0," ",$B92+I$6),"hh:mm am/pm") -> 00:30 001/p1 | J92: =L9 -> #AS Bounty | L92: 5 Seats Bounty | M92: SAT | N92: NLH | O92: OFF | P92: 8 | Q92: =16*5 -> 80 | R92: n/a | T92: 0.1 | U92: Only buy-in | V92: 1 | W92: 1 | Y92: No limit + double rebuy | Z92: 1.2 | AA92: 20000 | AB92: 5 min | AC92: 0.05 | AD92: 0 | AE92: Hyper turbo | AF92: 10000 | AG92: 4 | AH92: 4 | AI92: 4 | AJ92: 9 | AK92: 2-10000 | AL92: Level 0 20% | AM92: Ban chat for everyone | AN92: 3X | AO92: =IF(B92=0," ",TIME(,ROUNDDOWN(AG92*AJ92/60,0)*5+(AG92*AJ92),)+B92) -> 0.58751157 | AP92: =IF(Q92=0,,ROUNDUP(Q92/(V92*(1-AC92-AD92)),0)) -> 85 | AQ92: =IFERROR(IF(V92=0," ",IF(V92<=5,"MICRO",IF(V92<=19.8,"LOW",IF(V92<=99.8,"MEDIUM",IF(V92<=500,"HIGH",IF(V92>500,"SUPER HIGH",)))))),"") -> MICRO
C93: =TEXT(IF($B93=0," ",$B93-C$6),"hh:mm am/pm") | D93: =TEXT(IF($B93=0," ",$B93-D$6),"hh:mm am/pm") | E93: =TEXT(IF($B93=0," ",$B93-E$6),"hh:mm am/pm") | F93: =TEXT(IF($B93=0," ",$B93-F$6),"hh:mm am/pm") | G93: =TEXT(IF($B93=0," ",$B93-G$6),"hh:mm am/pm") | H93: =TEXT(IF($B93=0," ",$B93+H$6),"hh:mm am/pm") | I93: =TEXT(IF($B93=0," ",$B93+I$6),"hh:mm am/pm") | AO93: =IF(B93=0," ",TIME(,ROUNDDOWN(AG93*AJ93/60,0)*5+(AG93*AJ93),)+B93) | AP93: =IF(Q93=0,,ROUNDUP(Q93/(V93*(1-AC93-AD93)),0)) -> 0 | AQ93: =IFERROR(IF(V93=0," ",IF(V93<=5,"MICRO",IF(V93<=19.8,"LOW",IF(V93<=99.8,"MEDIUM",IF(V93<=500,"HIGH",IF(V93>500,"SUPER HIGH",)))))),"")
A94: MONDAY | B94: 0.56251157 | C94: =TEXT(IF($B94=0," ",$B94-C$6),"hh:mm am/pm") -> 11:30 001/p1 | D94: =TEXT(IF($B94=0," ",$B94-D$6),"hh:mm am/pm") -> 09:30 001/p1 | E94: =TEXT(IF($B94=0," ",$B94-E$6),"hh:mm am/pm") -> 10:30 001/p1 | F94: =TEXT(IF($B94=0," ",$B94-F$6),"hh:mm am/pm") -> 11:30 001/p1 | G94: =TEXT(IF($B94=0," ",$B94-G$6),"hh:mm am/pm") -> 12:30 001/p1 | H94: =TEXT(IF($B94=0," ",$B94+H$6),"hh:mm am/pm") -> 19:30 001/p1 | I94: =TEXT(IF($B94=0," ",$B94+I$6),"hh:mm am/pm") -> 00:30 001/p1 | J94: =L60 -> #AS OmaX PKO | L94: 4 Seats OmaX PKO | M94: SAT | N94: PLO5 | O94: OFF | P94: 6 | Q94: =30*4 -> 120 | R94: n/a | T94: 0.1 | U94: Only buy-in | V94: 1.8 | W94: 1.8 | Y94: No limit + double rebuy | Z94: 1.8 | AA94: 20000 | AB94: 5 min | AC94: 0.05 | AD94: 0 | AE94: Hyper turbo | AF94: 10000 | AG94: 4 | AH94: 4 | AI94: 4 | AJ94: 9 | AK94: 2-10000 | AL94: Level 0 20% | AM94: Ban chat for everyone | AN94: 3X | AO94: =IF(B94=0," ",TIME(,ROUNDDOWN(AG94*AJ94/60,0)*5+(AG94*AJ94),)+B94) -> 0.58751157 | AP94: =IF(Q94=0,,ROUNDUP(Q94/(V94*(1-AC94-AD94)),0)) -> 71 | AQ94: =IFERROR(IF(V94=0," ",IF(V94<=5,"MICRO",IF(V94<=19.8,"LOW",IF(V94<=99.8,"MEDIUM",IF(V94<=500,"HIGH",IF(V94>500,"SUPER HIGH",)))))),"") -> MICRO
C95: =TEXT(IF($B95=0," ",$B95-C$6),"hh:mm am/pm") | D95: =TEXT(IF($B95=0," ",$B95-D$6),"hh:mm am/pm") | E95: =TEXT(IF($B95=0," ",$B95-E$6),"hh:mm am/pm") | F95: =TEXT(IF($B95=0," ",$B95-F$6),"hh:mm am/pm") | G95: =TEXT(IF($B95=0," ",$B95-G$6),"hh:mm am/pm") | H95: =TEXT(IF($B95=0," ",$B95+H$6),"hh:mm am/pm") | I95: =TEXT(IF($B95=0," ",$B95+I$6),"hh:mm am/pm") | AO95: =IF(B95=0," ",TIME(,ROUNDDOWN(AG95*AJ95/60,0)*5+(AG95*AJ95),)+B95) | AP95: =IF(Q95=0,,ROUNDUP(Q95/(V95*(1-AC95-AD95)),0)) -> 0 | AQ95: =IFERROR(IF(V95=0," ",IF(V95<=5,"MICRO",IF(V95<=19.8,"LOW",IF(V95<=99.8,"MEDIUM",IF(V95<=500,"HIGH",IF(V95>500,"SUPER HIGH",)))))),"")
B96: 0.66667824 | C96: =TEXT(IF($B96=0," ",$B96-C$6),"hh:mm am/pm") -> 14:00 001/p1 | D96: =TEXT(IF($B96=0," ",$B96-D$6),"hh:mm am/pm") -> 12:00 001/p1 | E96: =TEXT(IF($B96=0," ",$B96-E$6),"hh:mm am/pm") -> 13:00 001/p1 | F96: =TEXT(IF($B96=0," ",$B96-F$6),"hh:mm am/pm") -> 14:00 001/p1 | G96: =TEXT(IF($B96=0," ",$B96-G$6),"hh:mm am/pm") -> 15:00 001/p1 | H96: =TEXT(IF($B96=0," ",$B96+H$6),"hh:mm am/pm") -> 22:00 001/p1 | I96: =TEXT(IF($B96=0," ",$B96+I$6),"hh:mm am/pm") -> 03:00 001/p1 | J96: =L12 -> #AS Battle+SPS | L96: 8 Seats Battle | M96: SAT | N96: NLH | O96: OFF | P96: 9 | Q96: =15*8 -> 120 | R96: n/a | T96: 0.1 | U96: Only buy-in | V96: 1 | W96: 1 | Y96: No limit + double rebuy | Z96: 1 | AA96: 20000 | AB96: 5 min | AC96: 0.05 | AD96: 0 | AE96: Hyper turbo | AF96: 10000 | AG96: 5 | AH96: 4 | AI96: 4 | AJ96: 9 | AK96: 2-10000 | AL96: Level 0 20% | AM96: Ban chat for everyone | AN96: 3X | AO96: =IF(B96=0," ",TIME(,ROUNDDOWN(AG96*AJ96/60,0)*5+(AG96*AJ96),)+B96) -> 0.69792824 | AP96: =IF(Q96=0,,ROUNDUP(Q96/(V96*(1-AC96-AD96)),0)) -> 127 | AQ96: =IFERROR(IF(V96=0," ",IF(V96<=5,"MICRO",IF(V96<=19.8,"LOW",IF(V96<=99.8,"MEDIUM",IF(V96<=500,"HIGH",IF(V96>500,"SUPER HIGH",)))))),"") -> MICRO
B97: 0.70834491 | C97: =TEXT(IF($B97=0," ",$B97-C$6),"hh:mm am/pm") -> 15:00 001/p1 | D97: =TEXT(IF($B97=0," ",$B97-D$6),"hh:mm am/pm") -> 13:00 001/p1 | E97: =TEXT(IF($B97=0," ",$B97-E$6),"hh:mm am/pm") -> 14:00 001/p1 | F97: =TEXT(IF($B97=0," ",$B97-F$6),"hh:mm am/pm") -> 15:00 001/p1 | G97: =TEXT(IF($B97=0," ",$B97-G$6),"hh:mm am/pm") -> 16:00 001/p1 | H97: =TEXT(IF($B97=0," ",$B97+H$6),"hh:mm am/pm") -> 23:00 001/p1 | I97: =TEXT(IF($B97=0," ",$B97+I$6),"hh:mm am/pm") -> 04:00 001/p1 | L97: 8 Seats Battle | M97: SAT | N97: NLH | O97: OFF | P97: 9 | Q97: =15*8 -> 120 | R97: n/a | T97: 0.1 | U97: Only buy-in | V97: 1 | W97: 1 | Y97: No limit + double rebuy | Z97: 1 | AA97: 20000 | AB97: 5 min | AC97: 0.05 | AD97: 0 | AE97: Hyper turbo | AF97: 10000 | AG97: 4 | AH97: 4 | AI97: 4 | AJ97: 9 | AK97: 2-10000 | AL97: Level 0 20% | AM97: Ban chat for everyone | AN97: 3X | AO97: =IF(B97=0," ",TIME(,ROUNDDOWN(AG97*AJ97/60,0)*5+(AG97*AJ97),)+B97) -> 0.73334491 | AP97: =IF(Q97=0,,ROUNDUP(Q97/(V97*(1-AC97-AD97)),0)) -> 127 | AQ97: =IFERROR(IF(V97=0," ",IF(V97<=5,"MICRO",IF(V97<=19.8,"LOW",IF(V97<=99.8,"MEDIUM",IF(V97<=500,"HIGH",IF(V97>500,"SUPER HIGH",)))))),"") -> MICRO
A98: MONDAY | C98: =TEXT(IF($B98=0," ",$B98-C$6),"hh:mm am/pm") | D98: =TEXT(IF($B98=0," ",$B98-D$6),"hh:mm am/pm") | E98: =TEXT(IF($B98=0," ",$B98-E$6),"hh:mm am/pm") | F98: =TEXT(IF($B98=0," ",$B98-F$6),"hh:mm am/pm") | G98: =TEXT(IF($B98=0," ",$B98-G$6),"hh:mm am/pm") | H98: =TEXT(IF($B98=0," ",$B98+H$6),"hh:mm am/pm") | I98: =TEXT(IF($B98=0," ",$B98+I$6),"hh:mm am/pm") | AO98: =IF(B98=0," ",TIME(,ROUNDDOWN(AG98*AJ98/60,0)*5+(AG98*AJ98),)+B98) | AP98: =IF(Q98=0,,ROUNDUP(Q98/(V98*(1-AC98-AD98)),0)) -> 0 | AQ98: =IFERROR(IF(V98=0," ",IF(V98<=5,"MICRO",IF(V98<=19.8,"LOW",IF(V98<=99.8,"MEDIUM",IF(V98<=500,"HIGH",IF(V98>500,"SUPER HIGH",)))))),"")
B99: 0.68751157 | C99: =TEXT(IF($B99=0," ",$B99-C$6),"hh:mm am/pm") -> 14:30 001/p1 | D99: =TEXT(IF($B99=0," ",$B99-D$6),"hh:mm am/pm") -> 12:30 001/p1 | E99: =TEXT(IF($B99=0," ",$B99-E$6),"hh:mm am/pm") -> 13:30 001/p1 | F99: =TEXT(IF($B99=0," ",$B99-F$6),"hh:mm am/pm") -> 14:30 001/p1 | G99: =TEXT(IF($B99=0," ",$B99-G$6),"hh:mm am/pm") -> 15:30 001/p1 | H99: =TEXT(IF($B99=0," ",$B99+H$6),"hh:mm am/pm") -> 22:30 001/p1 | I99: =TEXT(IF($B99=0," ",$B99+I$6),"hh:mm am/pm") -> 03:30 001/p1 | J99: =L72 -> #AS OmaX PKO | L99: 5 Seats OmaX PKO | M99: SAT | N99: PLO5 | O99: OFF | P99: 6 | Q99: =30*5 -> 150 | R99: n/a | T99: 0.1 | U99: Only buy-in | V99: 1.6 | W99: 1.6 | Y99: No limit + double rebuy | Z99: 1.6 | AA99: 20000 | AB99: 5 min | AC99: 0.05 | AD99: 0 | AE99: Hyper turbo | AF99: 10000 | AG99: 5 | AH99: 4 | AI99: 4 | AJ99: 9 | AK99: 2-10000 | AL99: Level 0 20% | AM99: Ban chat for everyone | AN99: 3X | AO99: =IF(B99=0," ",TIME(,ROUNDDOWN(AG99*AJ99/60,0)*5+(AG99*AJ99),)+B99) -> 0.71876157 | AP99: =IF(Q99=0,,ROUNDUP(Q99/(V99*(1-AC99-AD99)),0)) -> 99 | AQ99: =IFERROR(IF(V99=0," ",IF(V99<=5,"MICRO",IF(V99<=19.8,"LOW",IF(V99<=99.8,"MEDIUM",IF(V99<=500,"HIGH",IF(V99>500,"SUPER HIGH",)))))),"") -> MICRO
A100: MONDAY | C100: =TEXT(IF($B100=0," ",$B100-C$6),"hh:mm am/pm") | D100: =TEXT(IF($B100=0," ",$B100-D$6),"hh:mm am/pm") | E100: =TEXT(IF($B100=0," ",$B100-E$6),"hh:mm am/pm") | F100: =TEXT(IF($B100=0," ",$B100-F$6),"hh:mm am/pm") | G100: =TEXT(IF($B100=0," ",$B100-G$6),"hh:mm am/pm") | H100: =TEXT(IF($B100=0," ",$B100+H$6),"hh:mm am/pm") | I100: =TEXT(IF($B100=0," ",$B100+I$6),"hh:mm am/pm") | AO100: =IF(B100=0," ",TIME(,ROUNDDOWN(AG100*AJ100/60,0)*5+(AG100*AJ100),)+B100) | AP100: =IF(Q100=0,,ROUNDUP(Q100/(V100*(1-AC100-AD100)),0)) -> 0 | AQ100: =IFERROR(IF(V100=0," ",IF(V100<=5,"MICRO",IF(V100<=19.8,"LOW",IF(V100<=99.8,"MEDIUM",IF(V100<=500,"HIGH",IF(V100>500,"SUPER HIGH",)))))),"")
B101: 0.66667824 | C101: =TEXT(IF($B101=0," ",$B101-C$6),"hh:mm am/pm") -> 14:00 001/p1 | D101: =TEXT(IF($B101=0," ",$B101-D$6),"hh:mm am/pm") -> 12:00 001/p1 | E101: =TEXT(IF($B101=0," ",$B101-E$6),"hh:mm am/pm") -> 13:00 001/p1 | F101: =TEXT(IF($B101=0," ",$B101-F$6),"hh:mm am/pm") -> 14:00 001/p1 | G101: =TEXT(IF($B101=0," ",$B101-G$6),"hh:mm am/pm") -> 15:00 001/p1 | H101: =TEXT(IF($B101=0," ",$B101+H$6),"hh:mm am/pm") -> 22:00 001/p1 | I101: =TEXT(IF($B101=0," ",$B101+I$6),"hh:mm am/pm") -> 03:00 001/p1 | J101: =L13 -> #AS Monday HighS | L101: 5 Seats HighS | M101: SAT | N101: NLH | O101: OFF | P101: 8 | Q101: =150*5 -> 750 | R101: n/a | T101: 0.1 | U101: Only buy-in | V101: 8 | W101: 8 | Y101: No limit + double rebuy | Z101: 12 | AA101: 20000 | AB101: 5 min | AC101: 0.05 | AD101: 0 | AE101: Hyper turbo | AF101: 10000 | AG101: 5 | AH101: 4 | AI101: 4 | AJ101: 9 | AK101: 2-10000 | AL101: Level 0 20% | AM101: Ban chat for everyone | AN101: 3X | AO101: =IF(B101=0," ",TIME(,ROUNDDOWN(AG101*AJ101/60,0)*5+(AG101*AJ101),)+B101) -> 0.69792824 | AP101: =IF(Q101=0,,ROUNDUP(Q101/(V101*(1-AC101-AD101)),0)) -> 99 | AQ101: =IFERROR(IF(V101=0," ",IF(V101<=5,"MICRO",IF(V101<=19.8,"LOW",IF(V101<=99.8,"MEDIUM",IF(V101<=500,"HIGH",IF(V101>500,"SUPER HIGH",)))))),"") -> LOW
B102: 0.70834491 | C102: =TEXT(IF($B102=0," ",$B102-C$6),"hh:mm am/pm") -> 15:00 001/p1 | D102: =TEXT(IF($B102=0," ",$B102-D$6),"hh:mm am/pm") -> 13:00 001/p1 | E102: =TEXT(IF($B102=0," ",$B102-E$6),"hh:mm am/pm") -> 14:00 001/p1 | F102: =TEXT(IF($B102=0," ",$B102-F$6),"hh:mm am/pm") -> 15:00 001/p1 | G102: =TEXT(IF($B102=0," ",$B102-G$6),"hh:mm am/pm") -> 16:00 001/p1 | H102: =TEXT(IF($B102=0," ",$B102+H$6),"hh:mm am/pm") -> 23:00 001/p1 | I102: =TEXT(IF($B102=0," ",$B102+I$6),"hh:mm am/pm") -> 04:00 001/p1 | L102: 10 Seats HighS | M102: SAT | N102: NLH | O102: OFF | P102: 8 | Q102: =150*10 -> 1500 | R102: n/a | T102: 0.1 | U102: Only buy-in | V102: 8 | W102: 8 | Y102: No limit + double rebuy | Z102: 12 | AA102: 20000 | AB102: 5 min | AC102: 0.05 | AD102: 0 | AE102: Hyper turbo | AF102: 10000 | AG102: 5 | AH102: 4 | AI102: 4 | AJ102: 9 | AK102: 2-10000 | AL102: Level 0 20% | AM102: Ban chat for everyone | AN102: 3X | AO102: =IF(B102=0," ",TIME(,ROUNDDOWN(AG102*AJ102/60,0)*5+(AG102*AJ102),)+B102) -> 0.73959491 | AP102: =IF(Q102=0,,ROUNDUP(Q102/(V102*(1-AC102-AD102)),0)) -> 198 | AQ102: =IFERROR(IF(V102=0," ",IF(V102<=5,"MICRO",IF(V102<=19.8,"LOW",IF(V102<=99.8,"MEDIUM",IF(V102<=500,"HIGH",IF(V102>500,"SUPER HIGH",)))))),"") -> LOW
...

Sheet MTTS BRAZIL
A1: z
A2: =SUM(Q3:R3) -> 556 | C2: MTT - BRAZIL
A3: 5 | B3: Brazil | C3: MTT | D3: TIPO | E3: MODALIDADE | F3: K.O (REG / PROG / MYSTERY/ OFF) | G3: GUARANTEED | H3: BUY-IN | I3: REENTRY/REBUY | J3: ADD-ON | K3: STACK INICIAL | L3: STACK REENTRY/REBUY | M3: STACK ADD-ON | N3: BLINDS UP (min) | Q3: =COUNTIF($D1:$D997,"Main event") -> 65 | R3: =COUNTIF($D1:$D997,"side event") -> 491 | S3: =COUNTIF($D1:$D997,"sat") -> 266
A4: DAY | B4: TIME (UTC -3) | N4: Early game | O4: Pós Late Reg. | P4: Final Table | Q4: LATE REG. | R4: Hora late register | S4: Size buy-in
A6: SEGUNDA-FEIRA | C6: SEGUNDA-FEIRA | H6: SEGUNDA-FEIRA
A7: SEGUNDA-FEIRA | B7: ='G MTTS'!B7 -> 0.58334491 | C7: ='G MTTS'!J7 -> #AS 25K WarmUp | D7: ='G MTTS'!M7 -> Main Event | E7: ='G MTTS'!N7 -> NLH | F7: ='G MTTS'!O7 -> Progressive KO 1/3 | G7: =IF('G MTTS'!Q7=0," ",'G MTTS'!Q7*$A$3) -> 25000 | H7: =IF('G MTTS'!V7=0," ",'G MTTS'!V7*$A$3) -> 110 | I7: =IF('G MTTS'!W7=0," ",'G MTTS'!W7*$A$3) -> 110 | J7: =IF('G MTTS'!Z7=0," ",'G MTTS'!Z7*$A$3) | K7: ='G MTTS'!AF7 -> 50000 | L7: ='G MTTS'!X7 -> 0 | M7: ='G MTTS'!AA7 -> REENTRY | N7: ='G MTTS'!AG7 -> 12 | O7: ='G MTTS'!AH7 -> 10 | P7: ='G MTTS'!AI7 -> 10 | Q7: ='G MTTS'!AJ7 -> 15 | R7: =IF(B7=0," ",TIME(,ROUNDDOWN(N7*Q7/60,0)*5+(N7*Q7),)+B7) -> 0.71876157 | S7: =IFERROR(IF(H7=0," ",IF(H7<=25,"MICRO",IF(H7<=99,"LOW",IF(H7<=499,"MEDIUM",IF(H7<=2500,"HIGH",IF(H7>2500,"SUPER HIGH",)))))),"") -> MEDIUM
A8: Side Event | B8: ='G MTTS'!B8 -> 0.62501157 | C8: ='G MTTS'!J8 -> #AS 25K Plus+SPS | D8: ='G MTTS'!M8 -> Main Event | E8: ='G MTTS'!N8 -> NLH | F8: ='G MTTS'!O8 -> OFF | G8: =IF('G MTTS'!Q8=0," ",'G MTTS'!Q8*$A$3) -> 26000 | H8: =IF('G MTTS'!V8=0," ",'G MTTS'!V8*$A$3) -> 55 | I8: =IF('G MTTS'!W8=0," ",'G MTTS'!W8*$A$3) -> 55 | J8: =IF('G MTTS'!Z8=0," ",'G MTTS'!Z8*$A$3) -> 55 | K8: ='G MTTS'!AF8 -> 40000 | L8: ='G MTTS'!X8 -> 0 | M8: ='G MTTS'!AA8 -> 120000 | N8: ='G MTTS'!AG8 -> 10 | O8: ='G MTTS'!AH8 -> 10 | P8: ='G MTTS'!AI8 -> 10 | Q8: ='G MTTS'!AJ8 -> 15 | R8: =IF(B8=0," ",TIME(,ROUNDDOWN(N8*Q8/60,0)*5+(N8*Q8),)+B8) -> 0.73612269 | S8: =IFERROR(IF(H8=0," ",IF(H8<=25,"MICRO",IF(H8<=99,"LOW",IF(H8<=499,"MEDIUM",IF(H8<=2500,"HIGH",IF(H8>2500,"SUPER HIGH",)))))),"") -> LOW
A9: =COUNTIF(D7:D77,"Side event") -> 60 | B9: ='G MTTS'!B9 -> 0.66667824 | C9: ='G MTTS'!J9 -> #AS 20K Bounty | D9: ='G MTTS'!M9 -> Main Event | E9: ='G MTTS'!N9 -> NLH | F9: ='G MTTS'!O9 -> Progressive KO 1/2 | G9: =IF('G MTTS'!Q9=0," ",'G MTTS'!Q9*$A$3) -> 20000 | H9: =IF('G MTTS'!V9=0," ",'G MTTS'!V9*$A$3) -> 80 | I9: =IF('G MTTS'!W9=0," ",'G MTTS'!W9*$A$3) -> 80 | J9: =IF('G MTTS'!Z9=0," ",'G MTTS'!Z9*$A$3) | K9: ='G MTTS'!AF9 -> 50000 | L9: ='G MTTS'!X9 -> 60000 | M9: ='G MTTS'!AA9 -> REENTRY | N9: ='G MTTS'!AG9 -> 12 | O9: ='G MTTS'!AH9 -> 10 | P9: ='G MTTS'!AI9 -> 10 | Q9: ='G MTTS'!AJ9 -> 15 | R9: =IF(B9=0," ",TIME(,ROUNDDOWN(N9*Q9/60,0)*5+(N9*Q9),)+B9) -> 0.80209491 | S9: =IFERROR(IF(H9=0," ",IF(H9<=25,"MICRO",IF(H9<=99,"LOW",IF(H9<=499,"MEDIUM",IF(H9<=2500,"HIGH",IF(H9>2500,"SUPER HIGH",)))))),"") -> LOW
A10: Main Event | B10: ='G MTTS'!B10 -> 0.75001157 | C10: ='G MTTS'!J10 -> #AS 75K Big Plus+SPS | D10: ='G MTTS'!M10 -> Main Event | E10: ='G MTTS'!N10 -> NLH | F10: ='G MTTS'!O10 -> OFF | G10: =IF('G MTTS'!Q10=0," ",'G MTTS'!Q10*$A$3) -> 76000 | H10: =IF('G MTTS'!V10=0," ",'G MTTS'!V10*$A$3) -> 75 | I10: =IF('G MTTS'!W10=0," ",'G MTTS'!W10*$A$3) -> 75 | J10: =IF('G MTTS'!Z10=0," ",'G MTTS'!Z10*$A$3) -> 75 | K10: ='G MTTS'!AF10 -> 40000 | L10: ='G MTTS'!X10 -> 0 | M10: ='G MTTS'!AA10 -> 120000 | N10: ='G MTTS'!AG10 -> 12 | O10: ='G MTTS'!AH10 -> 10 | P10: ='G MTTS'!AI10 -> 10 | Q10: ='G MTTS'!AJ10 -> 15 | R10: =IF(B10=0," ",TIME(,ROUNDDOWN(N10*Q10/60,0)*5+(N10*Q10),)+B10) -> 0.88542824 | S10: =IFERROR(IF(H10=0," ",IF(H10<=25,"MICRO",IF(H10<=99,"LOW",IF(H10<=499,"MEDIUM",IF(H10<=2500,"HIGH",IF(H10>2500,"SUPER HIGH",)))))),"") -> LOW
A11: =COUNTIF(D7:D77,"Main Event") -> 10 | B11: ='G MTTS'!B11 -> 0.75001157 | C11: ='G MTTS'!J11 -> #AS 100K Plus+SPT | D11: ='G MTTS'!M11 -> Main Event | E11: ='G MTTS'!N11 -> NLH | F11: ='G MTTS'!O11 -> OFF | G11: =IF('G MTTS'!Q11=0," ",'G MTTS'!Q11*$A$3) -> 108500 | H11: =IF('G MTTS'!V11=0," ",'G MTTS'!V11*$A$3) -> 25 | I11: =IF('G MTTS'!W11=0," ",'G MTTS'!W11*$A$3) -> 25 | J11: =IF('G MTTS'!Z11=0," ",'G MTTS'!Z11*$A$3) -> 30 | K11: ='G MTTS'!AF11 -> 50000 | L11: ='G MTTS'!X11 -> 0 | M11: ='G MTTS'!AA11 -> 250000 | N11: ='G MTTS'!AG11 -> 10 | O11: ='G MTTS'!AH11 -> 8 | P11: ='G MTTS'!AI11 -> 10 | Q11: ='G MTTS'!AJ11 -> 15 | R11: =IF(B11=0," ",TIME(,ROUNDDOWN(N11*Q11/60,0)*5+(N11*Q11),)+B11) -> 0.86112269 | S11: =IFERROR(IF(H11=0," ",IF(H11<=25,"MICRO",IF(H11<=99,"LOW",IF(H11<=499,"MEDIUM",IF(H11<=2500,"HIGH",IF(H11>2500,"SUPER HIGH",)))))),"") -> MICRO
A12: total GTD | B12: ='G MTTS'!B12 -> 0.77084491 | C12: ='G MTTS'!J12 -> #AS 100K Battle+SPS | D12: ='G MTTS'!M12 -> Main Event | E12: ='G MTTS'!N12 -> NLH | F12: ='G MTTS'!O12 -> Progressive KO 1/2 | G12: =IF('G MTTS'!Q12=0," ",'G MTTS'!Q12*$A$3) -> 101000 | H12: =IF('G MTTS'!V12=0," ",'G MTTS'!V12*$A$3) -> 75 | I12: =IF('G MTTS'!W12=0," ",'G MTTS'!W12*$A$3) -> 75 | J12: =IF('G MTTS'!Z12=0," ",'G MTTS'!Z12*$A$3) | K12: ='G MTTS'!AF12 -> 80000 | L12: ='G MTTS'!X12 -> 0 | M12: ='G MTTS'!AA12 -> REENTRY | N12: ='G MTTS'!AG12 -> 12 | O12: ='G MTTS'!AH12 -> 10 | P12: ='G MTTS'!AI12 -> 10 | Q12: ='G MTTS'!AJ12 -> 15 | R12: =IF(B12=0," ",TIME(,ROUNDDOWN(N12*Q12/60,0)*5+(N12*Q12),)+B12) -> 0.90626157 | S12: =IFERROR(IF(H12=0," ",IF(H12<=25,"MICRO",IF(H12<=99,"LOW",IF(H12<=499,"MEDIUM",IF(H12<=2500,"HIGH",IF(H12>2500,"SUPER HIGH",)))))),"") -> LOW
A13: =SUM(G7:G77,G80:G126) -> 1256475 | B13: ='G MTTS'!B13 -> 0.79167824 | C13: ='G MTTS'!J13 -> #AS 300K Monday HighS | D13: ='G MTTS'!M13 -> Main Event | E13: ='G MTTS'!N13 -> NLH | F13: ='G MTTS'!O13 -> Progressive KO 1/2 | G13: =IF('G MTTS'!Q13=0," ",'G MTTS'!Q13*$A$3) -> 300000 | H13: =IF('G MTTS'!V13=0," ",'G MTTS'!V13*$A$3) -> 750 | I13: =IF('G MTTS'!W13=0," ",'G MTTS'!W13*$A$3) -> 750 | J13: =IF('G MTTS'!Z13=0," ",'G MTTS'!Z13*$A$3) | K13: ='G MTTS'!AF13 -> 50000 | L13: ='G MTTS'!X13 -> 60000 | M13: ='G MTTS'!AA13 -> REENTRY | N13: ='G MTTS'!AG13 -> 15 | O13: ='G MTTS'!AH13 -> 12 | P13: ='G MTTS'!AI13 -> 12 | Q13: ='G MTTS'!AJ13 -> 14 | R13: =IF(B13=0," ",TIME(,ROUNDDOWN(N13*Q13/60,0)*5+(N13*Q13),)+B13) -> 0.94792824 | S13: =IFERROR(IF(H13=0," ",IF(H13<=25,"MICRO",IF(H13<=99,"LOW",IF(H13<=499,"MEDIUM",IF(H13<=2500,"HIGH",IF(H13>2500,"SUPER HIGH",)))))),"") -> HIGH
B14: ='G MTTS'!B14 -> 0.79167824 | C14: ='G MTTS'!J14 -> #AS 150K Battle HR+SPS | D14: ='G MTTS'!M14 -> Main Event | E14: ='G MTTS'!N14 -> NLH | F14: ='G MTTS'!O14 -> Progressive KO 1/2 | G14: =IF('G MTTS'!Q14=0," ",'G MTTS'!Q14*$A$3) -> 151500 | H14: =IF('G MTTS'!V14=0," ",'G MTTS'!V14*$A$3) -> 250 | I14: =IF('G MTTS'!W14=0," ",'G MTTS'!W14*$A$3) -> 250 | J14: =IF('G MTTS'!Z14=0," ",'G MTTS'!Z14*$A$3) | K14: ='G MTTS'!AF14 -> 50000 | L14: ='G MTTS'!X14 -> 60000 | M14: ='G MTTS'!AA14 -> REENTRY | N14: ='G MTTS'!AG14 -> 12 | O14: ='G MTTS'!AH14 -> 12 | P14: ='G MTTS'!AI14 -> 12 | Q14: ='G MTTS'!AJ14 -> 15 | R14: =IF(B14=0," ",TIME(,ROUNDDOWN(N14*Q14/60,0)*5+(N14*Q14),)+B14) -> 0.92709491 | S14: =IFERROR(IF(H14=0," ",IF(H14<=25,"MICRO",IF(H14<=99,"LOW",IF(H14<=499,"MEDIUM",IF(H14<=2500,"HIGH",IF(H14>2500,"SUPER HIGH",)))))),"") -> MEDIUM
A15: SEGUNDA-FEIRA | B15: ='G MTTS'!B15 -> 0.83334491 | C15: ='G MTTS'!J15 -> #AS 60K OmaX HR | D15: ='G MTTS'!M15 -> Main Event | E15: ='G MTTS'!N15 -> PLO5 | F15: ='G MTTS'!O15 -> Progressive KO 1/2 | G15: =IF('G MTTS'!Q15=0," ",'G MTTS'!Q15*$A$3) -> 60000 | H15: =IF('G MTTS'!V15=0," ",'G MTTS'!V15*$A$3) -> 550 | I15: =IF('G MTTS'!W15=0," ",'G MTTS'!W15*$A$3) -> 550 | J15: =IF('G MTTS'!Z15=0," ",'G MTTS'!Z15*$A$3) | K15: ='G MTTS'!AF15 -> 50000 | L15: ='G MTTS'!X15 -> 60000 | M15: ='G MTTS'!AA15 -> REENTRY | N15: ='G MTTS'!AG15 -> 12 | O15: ='G MTTS'!AH15 -> 12 | P15: ='G MTTS'!AI15 -> 12 | Q15: ='G MTTS'!AJ15 -> 15 | R15: =IF(B15=0," ",TIME(,ROUNDDOWN(N15*Q15/60,0)*5+(N15*Q15),)+B15) -> 0.96876157 | S15: =IFERROR(IF(H15=0," ",IF(H15<=25,"MICRO",IF(H15<=99,"LOW",IF(H15<=499,"MEDIUM",IF(H15<=2500,"HIGH",IF(H15>2500,"SUPER HIGH",)))))),"") -> HIGH
B16: ='G MTTS'!B16 -> 0.83334491 | C16: ='G MTTS'!J16 -> #AS 50K Big Mystery+SPS | D16: ='G MTTS'!M16 -> Main Event | E16: ='G MTTS'!N16 -> NLH | F16: ='G MTTS'!O16 -> Mystery Bounty 1/2 | G16: =IF('G MTTS'!Q16=0," ",'G MTTS'!Q16*$A$3) -> 51000 | H16: =IF('G MTTS'!V16=0," ",'G MTTS'!V16*$A$3) -> 110 | I16: =IF('G MTTS'!W16=0," ",'G MTTS'!W16*$A$3) -> 110 | J16: =IF('G MTTS'!Z16=0," ",'G MTTS'!Z16*$A$3) | K16: ='G MTTS'!AF16 -> 60000 | L16: ='G MTTS'!X16 -> 0 | M16: ='G MTTS'!AA16 -> REENTRY | N16: ='G MTTS'!AG16 -> 10 | O16: ='G MTTS'!AH16 -> 10 | P16: ='G MTTS'!AI16 -> 10 | Q16: ='G MTTS'!AJ16 -> 14 | R16: =IF(B16=0," ",TIME(,ROUNDDOWN(N16*Q16/60,0)*5+(N16*Q16),)+B16) -> 0.93751157 | S16: =IFERROR(IF(H16=0," ",IF(H16<=25,"MICRO",IF(H16<=99,"LOW",IF(H16<=499,"MEDIUM",IF(H16<=2500,"HIGH",IF(H16>2500,"SUPER HIGH",)))))),"") -> MEDIUM
B17: ='G MTTS'!B17 -> 0 | C17: ='G MTTS'!J17 -> 0 | D17: ='G MTTS'!M17 -> 0 | E17: ='G MTTS'!N17 -> 0 | F17: ='G MTTS'!O17 -> 0 | G17: =IF('G MTTS'!Q17=0," ",'G MTTS'!Q17*5) | H17: =IF('G MTTS'!V17=0," ",'G MTTS'!V17*5) | I17: =IF('G MTTS'!W17=0," ",'G MTTS'!W17*5) | K17: ='G MTTS'!AF17 -> 0 | L17: ='G MTTS'!X17 -> 0 | M17: ='G MTTS'!AA17 -> 0 | N17: ='G MTTS'!AG17 -> 0 | O17: ='G MTTS'!AH17 -> 0 | P17: ='G MTTS'!AI17 -> 0 | Q17: ='G MTTS'!AJ17 -> 0 | R17: =IF(B17=0," ",TIME(,ROUNDDOWN(N17*Q17/60,0)*5+(N17*Q17),)+B17)
A18: SEGUNDA-FEIRA | B18: ='G MTTS'!B18 -> 1.1574074e-05 | C18: ='G MTTS'!J18 -> #AS 6K Sonic+SPS | D18: ='G MTTS'!M18 -> Side Event | E18: ='G MTTS'!N18 -> NLH | F18: ='G MTTS'!O18 -> OFF | G18: =IF('G MTTS'!Q18=0," ",'G MTTS'!Q18*$A$3) -> 7000 | H18: =IF('G MTTS'!V18=0," ",'G MTTS'!V18*$A$3) -> 35 | I18: =IF('G MTTS'!W18=0," ",'G MTTS'!W18*$A$3) -> 35 | J18: =IF('G MTTS'!Z18=0," ",'G MTTS'!Z18*$A$3) | K18: ='G MTTS'!AF18 -> 50000 | L18: ='G MTTS'!X18 -> 0 | M18: ='G MTTS'!AA18 -> REENTRY | N18: ='G MTTS'!AG18 -> 6 | O18: ='G MTTS'!AH18 -> 5 | P18: ='G MTTS'!AI18 -> 5 | Q18: ='G MTTS'!AJ18 -> 13 | R18: =IF(B18=0," ",TIME(,ROUNDDOWN(N18*Q18/60,0)*5+(N18*Q18),)+B18) -> 0.057650463 | S18: =IFERROR(IF(H18=0," ",IF(H18<=25,"MICRO",IF(H18<=99,"LOW",IF(H18<=499,"MEDIUM",IF(H18<=2500,"HIGH",IF(H18>2500,"SUPER HIGH",)))))),"") -> LOW
B19: ='G MTTS'!B19 -> 1.1574074e-05 | C19: ='G MTTS'!J19 -> 1.2K Omax K.O | D19: ='G MTTS'!M19 -> Side Event | E19: ='G MTTS'!N19 -> PLO5 | F19: ='G MTTS'!O19 -> Regular KO 1/3 | G19: =IF('G MTTS'!Q19=0," ",'G MTTS'!Q19*$A$3) -> 1200 | H19: =IF('G MTTS'!V19=0," ",'G MTTS'!V19*$A$3) -> 10 | I19: =IF('G MTTS'!W19=0," ",'G MTTS'!W19*$A$3) -> 10 | J19: =IF('G MTTS'!Z19=0," ",'G MTTS'!Z19*$A$3) | K19: ='G MTTS'!AF19 -> 60000 | L19: ='G MTTS'!X19 -> 0 | M19: ='G MTTS'!AA19 -> REENTRY | N19: ='G MTTS'!AG19 -> 6 | O19: ='G MTTS'!AH19 -> 5 | P19: ='G MTTS'!AI19 -> 5 | Q19: ='G MTTS'!AJ19 -> 12 | R19: =IF(B19=0," ",TIME(,ROUNDDOWN(N19*Q19/60,0)*5+(N19*Q19),)+B19) -> 0.053483796 | S19: =IFERROR(IF(H19=0," ",IF(H19<=25,"MICRO",IF(H19<=99,"LOW",IF(H19<=499,"MEDIUM",IF(H19<=2500,"HIGH",IF(H19>2500,"SUPER HIGH",)))))),"") -> MICRO
B20: ='G MTTS'!B20 -> 0.013900463 | C20: ='G MTTS'!J20 -> 600 Battle Turbo | D20: ='G MTTS'!M20 -> Side Event | E20: ='G MTTS'!N20 -> NLH | F20: ='G MTTS'!O20 -> Regular KO 1/3 | G20: =IF('G MTTS'!Q20=0," ",'G MTTS'!Q20*$A$3) -> 600 | H20: =IF('G MTTS'!V20=0," ",'G MTTS'!V20*$A$3) -> 5 | I20: =IF('G MTTS'!W20=0," ",'G MTTS'!W20*$A$3) -> 5 | J20: =IF('G MTTS'!Z20=0," ",'G MTTS'!Z20*$A$3) | K20: ='G MTTS'!AF20 -> 15000 | L20: ='G MTTS'!X20 -> 0 | M20: ='G MTTS'!AA20 -> REENTRY | N20: ='G MTTS'!AG20 -> 6 | O20: ='G MTTS'!AH20 -> 5 | P20: ='G MTTS'!AI20 -> 5 | Q20: ='G MTTS'!AJ20 -> 13 | R20: =IF(B20=0," ",TIME(,ROUNDDOWN(N20*Q20/60,0)*5+(N20*Q20),)+B20) -> 0.071539352 | S20: =IFERROR(IF(H20=0," ",IF(H20<=25,"MICRO",IF(H20<=99,"LOW",IF(H20<=499,"MEDIUM",IF(H20<=2500,"HIGH",IF(H20>2500,"SUPER HIGH",)))))),"") -> MICRO
A21: SEGUNDA-FEIRA | B21: ='G MTTS'!B21 -> 0.020844907 | C21: ='G MTTS'!J21 -> 750 Plus | D21: ='G MTTS'!M21 -> Side Event | E21: ='G MTTS'!N21 -> NLH | F21: ='G MTTS'!O21 -> OFF | G21: =IF('G MTTS'!Q21=0," ",'G MTTS'!Q21*$A$3) -> 750 | H21: =IF('G MTTS'!V21=0," ",'G MTTS'!V21*$A$3) -> 2 | I21: =IF('G MTTS'!W21=0," ",'G MTTS'!W21*$A$3) -> 2 | J21: =IF('G MTTS'!Z21=0," ",'G MTTS'!Z21*$A$3) -> 2 | K21: ='G MTTS'!AF21 -> 30000 | L21: ='G MTTS'!X21 -> 0 | M21: ='G MTTS'!AA21 -> 50000 | N21: ='G MTTS'!AG21 -> 5 | O21: ='G MTTS'!AH21 -> 5 | P21: ='G MTTS'!AI21 -> 5 | Q21: ='G MTTS'!AJ21 -> 13 | R21: =IF(B21=0," ",TIME(,ROUNDDOWN(N21*Q21/60,0)*5+(N21*Q21),)+B21) -> 0.069456019 | S21: =IFERROR(IF(H21=0," ",IF(H21<=25,"MICRO",IF(H21<=99,"LOW",IF(H21<=499,"MEDIUM",IF(H21<=2500,"HIGH",IF(H21>2500,"SUPER HIGH",)))))),"") -> MICRO
B22: ='G MTTS'!B22 -> 0.020844907 | C22: ='G MTTS'!J22 -> #AS 1.2K Omax | D22: ='G MTTS'!M22 -> Side Event | E22: ='G MTTS'!N22 -> PLO5 | F22: ='G MTTS'!O22 -> OFF | G22: =IF('G MTTS'!Q22=0," ",'G MTTS'!Q22*$A$3) -> 1200 | H22: =IF('G MTTS'!V22=0," ",'G MTTS'!V22*$A$3) -> 5 | I22: =IF('G MTTS'!W22=0," ",'G MTTS'!W22*$A$3) -> 5 | J22: =IF('G MTTS'!Z22=0," ",'G MTTS'!Z22*$A$3) -> 5 | K22: ='G MTTS'!AF22 -> 30000 | L22: ='G MTTS'!X22 -> 0 | M22: ='G MTTS'!AA22 -> 70000 | N22: ='G MTTS'!AG22 -> 6 | O22: ='G MTTS'!AH22 -> 5 | P22: ='G MTTS'!AI22 -> 5 | Q22: ='G MTTS'!AJ22 -> 12 | R22: =IF(B22=0," ",TIME(,ROUNDDOWN(N22*Q22/60,0)*5+(N22*Q22),)+B22) -> 0.07431713 | S22: =IFERROR(IF(H22=0," ",IF(H22<=25,"MICRO",IF(H22<=99,"LOW",IF(H22<=499,"MEDIUM",IF(H22<=2500,"HIGH",IF(H22>2500,"SUPER HIGH",)))))),"") -> MICRO
B23: ='G MTTS'!B23 -> 0.041678241 | C23: ='G MTTS'!J23 -> #AS 8K Plus | D23: ='G MTTS'!M23 -> Side Event | E23: ='G MTTS'!N23 -> NLH | F23: ='G MTTS'!O23 -> OFF | G23: =IF('G MTTS'!Q23=0," ",'G MTTS'!Q23*$A$3) -> 8000 | H23: =IF('G MTTS'!V23=0," ",'G MTTS'!V23*$A$3) -> 15 | I23: =IF('G MTTS'!W23=0," ",'G MTTS'!W23*$A$3) -> 15 | J23: =IF('G MTTS'!Z23=0," ",'G MTTS'!Z23*$A$3) -> 15 | K23: ='G MTTS'!AF23 -> 40000 | L23: ='G MTTS'!X23 -> 0 | M23: ='G MTTS'!AA23 -> 160000 | N23: ='G MTTS'!AG23 -> 6 | O23: ='G MTTS'!AH23 -> 5 | P23: ='G MTTS'!AI23 -> 5 | Q23: ='G MTTS'!AJ23 -> 13 | R23: =IF(B23=0," ",TIME(,ROUNDDOWN(N23*Q23/60,0)*5+(N23*Q23),)+B23) -> 0.09931713 | S23: =IFERROR(IF(H23=0," ",IF(H23<=25,"MICRO",IF(H23<=99,"LOW",IF(H23<=499,"MEDIUM",IF(H23<=2500,"HIGH",IF(H23>2500,"SUPER HIGH",)))))),"") -> MICRO
A24: SEGUNDA-FEIRA | B24: ='G MTTS'!B24 -> 0.041678241 | C24: ='G MTTS'!J24 -> #AS 2.5K Omax K.O | D24: ='G MTTS'!M24 -> Side Event | E24: ='G MTTS'!N24 -> PLO4 | F24: ='G MTTS'!O24 -> Regular KO 1/3 | G24: =IF('G MTTS'!Q24=0," ",'G MTTS'!Q24*$A$3) -> 2500 | H24: =IF('G MTTS'!V24=0," ",'G MTTS'!V24*$A$3) -> 50 | I24: =IF('G MTTS'!W24=0," ",'G MTTS'!W24*$A$3) -> 50 | J24: =IF('G MTTS'!Z24=0," ",'G MTTS'!Z24*$A$3) | K24: ='G MTTS'!AF24 -> 50000 | L24: ='G MTTS'!X24 -> 0 | M24: ='G MTTS'!AA24 -> REENTRY | N24: ='G MTTS'!AG24 -> 6 | O24: ='G MTTS'!AH24 -> 5 | P24: ='G MTTS'!AI24 -> 5 | Q24: ='G MTTS'!AJ24 -> 15 | R24: =IF(B24=0," ",TIME(,ROUNDDOWN(N24*Q24/60,0)*5+(N24*Q24),)+B24) -> 0.10765046 | S24: =IFERROR(IF(H24=0," ",IF(H24<=25,"MICRO",IF(H24<=99,"LOW",IF(H24<=499,"MEDIUM",IF(H24<=2500,"HIGH",IF(H24>2500,"SUPER HIGH",)))))),"") -> LOW
B25: ='G MTTS'!B25 -> 0.062511574 | C25: ='G MTTS'!J25 -> 500 Omax PKO | D25: ='G MTTS'!M25 -> Side Event | E25: ='G MTTS'!N25 -> PLO5 | F25: ='G MTTS'!O25 -> Progressive KO 1/2 | G25: =IF('G MTTS'!Q25=0," ",'G MTTS'!Q25*$A$3) -> 500 | H25: =IF('G MTTS'!V25=0," ",'G MTTS'!V25*$A$3) -> 3 | I25: =IF('G MTTS'!W25=0," ",'G MTTS'!W25*$A$3) -> 3 | J25: =IF('G MTTS'!Z25=0," ",'G MTTS'!Z25*$A$3) | K25: ='G MTTS'!AF25 -> 30000 | L25: ='G MTTS'!X25 -> 0 | M25: ='G MTTS'!AA25 -> REENTRY | N25: ='G MTTS'!AG25 -> 5 | O25: ='G MTTS'!AH25 -> 5 | P25: ='G MTTS'!AI25 -> 5 | Q25: ='G MTTS'!AJ25 -> 13 | R25: =IF(B25=0," ",TIME(,ROUNDDOWN(N25*Q25/60,0)*5+(N25*Q25),)+B25) -> 0.11112269 | S25: =IFERROR(IF(H25=0," ",IF(H25<=25,"MICRO",IF(H25<=99,"LOW",IF(H25<=499,"MEDIUM",IF(H25<=2500,"HIGH",IF(H25>2500,"SUPER HIGH",)))))),"") -> MICRO
B26: ='G MTTS'!B26 -> 0.083344907 | C26: ='G MTTS'!J26 -> #AS 5K Battle | D26: ='G MTTS'!M26 -> Side Event | E26: ='G MTTS'!N26 -> NLH | F26: ='G MTTS'!O26 -> Progressive KO 1/2 | G26: =IF('G MTTS'!Q26=0," ",'G MTTS'!Q26*$A$3) -> 5000 | H26: =IF('G MTTS'!V26=0," ",'G MTTS'!V26*$A$3) -> 35 | I26: =IF('G MTTS'!W26=0," ",'G MTTS'!W26*$A$3) -> 35 | J26: =IF('G MTTS'!Z26=0," ",'G MTTS'!Z26*$A$3) | K26: ='G MTTS'!AF26 -> 40000 | L26: ='G MTTS'!X26 -> 0 | M26: ='G MTTS'!AA26 -> REENTRY | N26: ='G MTTS'!AG26 -> 6 | O26: ='G MTTS'!AH26 -> 5 | P26: ='G MTTS'!AI26 -> 5 | Q26: ='G MTTS'!AJ26 -> 13 | R26: =IF(B26=0," ",TIME(,ROUNDDOWN(N26*Q26/60,0)*5+(N26*Q26),)+B26) -> 0.1409838 | S26: =IFERROR(IF(H26=0," ",IF(H26<=25,"MICRO",IF(H26<=99,"LOW",IF(H26<=499,"MEDIUM",IF(H26<=2500,"HIGH",IF(H26>2500,"SUPER HIGH",)))))),"") -> LOW
A27: SEGUNDA-FEIRA | B27: ='G MTTS'!B27 -> 0.10417824 | C27: ='G MTTS'!J27 -> 1.2K Plus | D27: ='G MTTS'!M27 -> Side Event | E27: ='G MTTS'!N27 -> NLH | F27: ='G MTTS'!O27 -> OFF | G27: =IF('G MTTS'!Q27=0," ",'G MTTS'!Q27*$A$3) -> 1200 | H27: =IF('G MTTS'!V27=0," ",'G MTTS'!V27*$A$3) -> 3 | I27: =IF('G MTTS'!W27=0," ",'G MTTS'!W27*$A$3) -> 3 | J27: =IF('G MTTS'!Z27=0," ",'G MTTS'!Z27*$A$3) -> 4 | K27: ='G MTTS'!AF27 -> 50000 | L27: ='G MTTS'!X27 -> 0 | M27: ='G MTTS'!AA27 -> 100000 | N27: ='G MTTS'!AG27 -> 5 | O27: ='G MTTS'!AH27 -> 5 | P27: ='G MTTS'!AI27 -> 5 | Q27: ='G MTTS'!AJ27 -> 13 | R27: =IF(B27=0," ",TIME(,ROUNDDOWN(N27*Q27/60,0)*5+(N27*Q27),)+B27) -> 0.15278935 | S27: =IFERROR(IF(H27=0," ",IF(H27<=25,"MICRO",IF(H27<=99,"LOW",IF(H27<=499,"MEDIUM",IF(H27<=2500,"HIGH",IF(H27>2500,"SUPER HIGH",)))))),"") -> MICRO
B28: ='G MTTS'!B28 -> 0.13195602 | C28: ='G MTTS'!J28 -> 800 Omax | D28: ='G MTTS'!M28 -> Side Event | E28: ='G MTTS'!N28 -> PLO5 | F28: ='G MTTS'!O28 -> OFF | G28: =IF('G MTTS'!Q28=0," ",'G MTTS'!Q28*$A$3) -> 800 | H28: =IF('G MTTS'!V28=0," ",'G MTTS'!V28*$A$3) -> 10 | I28: =IF('G MTTS'!W28=0," ",'G MTTS'!W28*$A$3) -> 10 | J28: =IF('G MTTS'!Z28=0," ",'G MTTS'!Z28*$A$3) -> 10 | K28: ='G MTTS'!AF28 -> 30000 | L28: ='G MTTS'!X28 -> 0 | M28: ='G MTTS'!AA28 -> 75000 | N28: ='G MTTS'!AG28 -> 5 | O28: ='G MTTS'!AH28 -> 5 | P28: ='G MTTS'!AI28 -> 5 | Q28: ='G MTTS'!AJ28 -> 12 | R28: =IF(B28=0," ",TIME(,ROUNDDOWN(N28*Q28/60,0)*5+(N28*Q28),)+B28) -> 0.17709491 | S28: =IFERROR(IF(H28=0," ",IF(H28<=25,"MICRO",IF(H28<=99,"LOW",IF(H28<=499,"MEDIUM",IF(H28<=2500,"HIGH",IF(H28>2500,"SUPER HIGH",)))))),"") -> MICRO
B29: ='G MTTS'!B29 -> 0.13195602 | C29: ='G MTTS'!J29 -> #AS 1.25K Battle | D29: ='G MTTS'!M29 -> Side Event | E29: ='G MTTS'!N29 -> NLH | F29: ='G MTTS'!O29 -> Progressive KO 1/2 | G29: =IF('G MTTS'!Q29=0," ",'G MTTS'!Q29*$A$3) -> 1250 | H29: =IF('G MTTS'!V29=0," ",'G MTTS'!V29*$A$3) -> 25 | I29: =IF('G MTTS'!W29=0," ",'G MTTS'!W29*$A$3) -> 25 | J29: =IF('G MTTS'!Z29=0," ",'G MTTS'!Z29*$A$3) | K29: ='G MTTS'!AF29 -> 30000 | L29: ='G MTTS'!X29 -> 0 | M29: ='G MTTS'!AA29 -> REENTRY | N29: ='G MTTS'!AG29 -> 5 | O29: ='G MTTS'!AH29 -> 5 | P29: ='G MTTS'!AI29 -> 5 | Q29: ='G MTTS'!AJ29 -> 12 | R29: =IF(B29=0," ",TIME(,ROUNDDOWN(N29*Q29/60,0)*5+(N29*Q29),)+B29) -> 0.17709491 | S29: =IFERROR(IF(H29=0," ",IF(H29<=25,"MICRO",IF(H29<=99,"LOW",IF(H29<=499,"MEDIUM",IF(H29<=2500,"HIGH",IF(H29>2500,"SUPER HIGH",)))))),"") -> MICRO
A30: SEGUNDA-FEIRA | B30: ='G MTTS'!B30 -> 0.17362269 | C30: ='G MTTS'!J30 -> #AS 1.25K Plus | D30: ='G MTTS'!M30 -> Side Event | E30: ='G MTTS'!N30 -> NLH | F30: ='G MTTS'!O30 -> OFF | G30: =IF('G MTTS'!Q30=0," ",'G MTTS'!Q30*$A$3) -> 1250 | H30: =IF('G MTTS'!V30=0," ",'G MTTS'!V30*$A$3) -> 10 | I30: =IF('G MTTS'!W30=0," ",'G MTTS'!W30*$A$3) -> 10 | J30: =IF('G MTTS'!Z30=0," ",'G MTTS'!Z30*$A$3) -> 10 | K30: ='G MTTS'!AF30 -> 30000 | L30: ='G MTTS'!X30 -> 0 | M30: ='G MTTS'!AA30 -> 75000 | N30: ='G MTTS'!AG30 -> 5 | O30: ='G MTTS'!AH30 -> 5 | P30: ='G MTTS'!AI30 -> 5 | Q30: ='G MTTS'!AJ30 -> 12 | R30: =IF(B30=0," ",TIME(,ROUNDDOWN(N30*Q30/60,0)*5+(N30*Q30),)+B30) -> 0.21876157 | S30: =IFERROR(IF(H30=0," ",IF(H30<=25,"MICRO",IF(H30<=99,"LOW",IF(H30<=499,"MEDIUM",IF(H30<=2500,"HIGH",IF(H30>2500,"SUPER HIGH",)))))),"") -> MICRO
B31: ='G MTTS'!B31 -> 0.20834491 | C31: ='G MTTS'!J31 -> 500 Bounty | D31: ='G MTTS'!M31 -> Side Event | E31: ='G MTTS'!N31 -> NLH | F31: ='G MTTS'!O31 -> Progressive KO 1/3 | G31: =IF('G MTTS'!Q31=0," ",'G MTTS'!Q31*$A$3) -> 500 | H31: =IF('G MTTS'!V31=0," ",'G MTTS'!V31*$A$3) -> 8 | I31: =IF('G MTTS'!W31=0," ",'G MTTS'!W31*$A$3) -> 8 | J31: =IF('G MTTS'!Z31=0," ",'G MTTS'!Z31*$A$3) | K31: ='G MTTS'!AF31 -> 40000 | L31: ='G MTTS'!X31 -> 0 | M31: ='G MTTS'!AA31 -> REENTRY | N31: ='G MTTS'!AG31 -> 8 | O31: ='G MTTS'!AH31 -> 7 | P31: ='G MTTS'!AI31 -> 7 | Q31: ='G MTTS'!AJ31 -> 14 | R31: =IF(B31=0," ",TIME(,ROUNDDOWN(N31*Q31/60,0)*5+(N31*Q31),)+B31) -> 0.28959491 | S31: =IFERROR(IF(H31=0," ",IF(H31<=25,"MICRO",IF(H31<=99,"LOW",IF(H31<=499,"MEDIUM",IF(H31<=2500,"HIGH",IF(H31>2500,"SUPER HIGH",)))))),"") -> MICRO
B32: ='G MTTS'!B32 -> 0.21528935 | C32: ='G MTTS'!J32 -> 1K Plus | D32: ='G MTTS'!M32 -> Side Event | E32: ='G MTTS'!N32 -> NLH | F32: ='G MTTS'!O32 -> OFF | G32: =IF('G MTTS'!Q32=0," ",'G MTTS'!Q32*$A$3) -> 1000 | H32: =IF('G MTTS'!V32=0," ",'G MTTS'!V32*$A$3) -> 10 | I32: =IF('G MTTS'!W32=0," ",'G MTTS'!W32*$A$3) -> #VALUE! | J32: =IF('G MTTS'!Z32=0," ",'G MTTS'!Z32*$A$3) -> 10 | K32: ='G MTTS'!AF32 -> 40000 | L32: ='G MTTS'!X32 -> 0 | M32: ='G MTTS'!AA32 -> 80000 | N32: ='G MTTS'!AG32 -> 6 | O32: ='G MTTS'!AH32 -> 6 | P32: ='G MTTS'!AI32 -> 6 | Q32: ='G MTTS'!AJ32 -> 13 | R32: =IF(B32=0," ",TIME(,ROUNDDOWN(N32*Q32/60,0)*5+(N32*Q32),)+B32) -> 0.27292824 | S32: =IFERROR(IF(H32=0," ",IF(H32<=25,"MICRO",IF(H32<=99,"LOW",IF(H32<=499,"MEDIUM",IF(H32<=2500,"HIGH",IF(H32>2500,"SUPER HIGH",)))))),"") -> MICRO
B33: ='G MTTS'!B33 -> 0.25695602 | C33: ='G MTTS'!J33 -> 500 Plus | D33: ='G MTTS'!M33 -> Side Event | E33: ='G MTTS'!N33 -> NLH | F33: ='G MTTS'!O33 -> OFF | G33: =IF('G MTTS'!Q33=0," ",'G MTTS'!Q33*$A$3) -> 500 | H33: =IF('G MTTS'!V33=0," ",'G MTTS'!V33*$A$3) -> 5 | I33: =IF('G MTTS'!W33=0," ",'G MTTS'!W33*$A$3) -> 5 | J33: =IF('G MTTS'!Z33=0," ",'G MTTS'!Z33*$A$3) -> 5 | K33: ='G MTTS'!AF33 -> 40000 | L33: ='G MTTS'!X33 -> 0 | M33: ='G MTTS'!AA33 -> 80000 | N33: ='G MTTS'!AG33 -> 6 | O33: ='G MTTS'!AH33 -> 6 | P33: ='G MTTS'!AI33 -> 6 | Q33: ='G MTTS'!AJ33 -> 13 | R33: =IF(B33=0," ",TIME(,ROUNDDOWN(N33*Q33/60,0)*5+(N33*Q33),)+B33) -> 0.31459491 | S33: =IFERROR(IF(H33=0," ",IF(H33<=25,"MICRO",IF(H33<=99,"LOW",IF(H33<=499,"MEDIUM",IF(H33<=2500,"HIGH",IF(H33>2500,"SUPER HIGH",)))))),"") -> MICRO
B34: ='G MTTS'!B34 -> 0.29862269 | C34: ='G MTTS'!J34 -> 500 Omax | D34: ='G MTTS'!M34 -> Side Event | E34: ='G MTTS'!N34 -> PLO5 | F34: ='G MTTS'!O34 -> OFF | G34: =IF('G MTTS'!Q34=0," ",'G MTTS'!Q34*$A$3) -> 500 | H34: =IF('G MTTS'!V34=0," ",'G MTTS'!V34*$A$3) -> 5 | I34: =IF('G MTTS'!W34=0," ",'G MTTS'!W34*$A$3) -> 5 | J34: =IF('G MTTS'!Z34=0," ",'G MTTS'!Z34*$A$3) -> 5 | K34: ='G MTTS'!AF34 -> 30000 | L34: ='G MTTS'!X34 -> 0 | M34: ='G MTTS'!AA34 -> 75000 | N34: ='G MTTS'!AG34 -> 5 | O34: ='G MTTS'!AH34 -> 5 | P34: ='G MTTS'!AI34 -> 5 | Q34: ='G MTTS'!AJ34 -> 12 | R34: =IF(B34=0," ",TIME(,ROUNDDOWN(N34*Q34/60,0)*5+(N34*Q34),)+B34) -> 0.34376157 | S34: =IFERROR(IF(H34=0," ",IF(H34<=25,"MICRO",IF(H34<=99,"LOW",IF(H34<=499,"MEDIUM",IF(H34<=2500,"HIGH",IF(H34>2500,"SUPER HIGH",)))))),"") -> MICRO
B35: ='G MTTS'!B35 -> 0.32292824 | C35: ='G MTTS'!J35 -> #AS 1.5K Omax PKO | D35: ='G MTTS'!M35 -> Side Event | E35: ='G MTTS'!N35 -> PLO4 | F35: ='G MTTS'!O35 -> Progressive KO 1/2 | G35: =IF('G MTTS'!Q35=0," ",'G MTTS'!Q35*$A$3) -> 1500 | H35: =IF('G MTTS'!V35=0," ",'G MTTS'!V35*$A$3) -> 15 | I35: =IF('G MTTS'!W35=0," ",'G MTTS'!W35*$A$3) -> 15 | J35: =IF('G MTTS'!Z35=0," ",'G MTTS'!Z35*$A$3) | K35: ='G MTTS'!AF35 -> 40000 | L35: ='G MTTS'!X35 -> 0 | M35: ='G MTTS'!AA35 -> REENTRY | N35: ='G MTTS'!AG35 -> 10 | O35: ='G MTTS'!AH35 -> 8 | P35: ='G MTTS'!AI35 -> 8 | Q35: ='G MTTS'!AJ35 -> 14 | R35: =IF(B35=0," ",TIME(,ROUNDDOWN(N35*Q35/60,0)*5+(N35*Q35),)+B35) -> 0.42709491 | S35: =IFERROR(IF(H35=0," ",IF(H35<=25,"MICRO",IF(H35<=99,"LOW",IF(H35<=499,"MEDIUM",IF(H35<=2500,"HIGH",IF(H35>2500,"SUPER HIGH",)))))),"") -> MICRO
B36: ='G MTTS'!B36 -> 0.33334491 | C36: ='G MTTS'!J36 -> #AS 2.5K Plus | D36: ='G MTTS'!M36 -> Side Event | E36: ='G MTTS'!N36 -> NLH | F36: ='G MTTS'!O36 -> OFF | G36: =IF('G MTTS'!Q36=0," ",'G MTTS'!Q36*$A$3) -> 2500 | H36: =IF('G MTTS'!V36=0," ",'G MTTS'!V36*$A$3) -> 5 | I36: =IF('G MTTS'!W36=0," ",'G MTTS'!W36*$A$3) -> 5 | J36: =IF('G MTTS'!Z36=0," ",'G MTTS'!Z36*$A$3) -> 5 | K36: ='G MTTS'!AF36 -> 40000 | L36: ='G MTTS'!X36 -> 0 | M36: ='G MTTS'!AA36 -> 120000 | N36: ='G MTTS'!AG36 -> 8 | O36: ='G MTTS'!AH36 -> 7 | P36: ='G MTTS'!AI36 -> 7 | Q36: ='G MTTS'!AJ36 -> 15 | R36: =IF(B36=0," ",TIME(,ROUNDDOWN(N36*Q36/60,0)*5+(N36*Q36),)+B36) -> 0.42362269 | S36: =IFERROR(IF(H36=0," ",IF(H36<=25,"MICRO",IF(H36<=99,"LOW",IF(H36<=499,"MEDIUM",IF(H36<=2500,"HIGH",IF(H36>2500,"SUPER HIGH",)))))),"") -> MICRO
A37: SEGUNDA-FEIRA | B37: ='G MTTS'!B37 -> 0.3472338 | C37: ='G MTTS'!J37 -> 300 Plus | D37: ='G MTTS'!M37 -> Side Event | E37: ='G MTTS'!N37 -> NLH | F37: ='G MTTS'!O37 -> OFF | G37: =IF('G MTTS'!Q37=0," ",'G MTTS'!Q37*$A$3) -> 300 | H37: =IF('G MTTS'!V37=0," ",'G MTTS'!V37*$A$3) -> 1 | I37: =IF('G MTTS'!W37=0," ",'G MTTS'!W37*$A$3) -> 1 | J37: =IF('G MTTS'!Z37=0," ",'G MTTS'!Z37*$A$3) -> 1 | K37: ='G MTTS'!AF37 -> 20000 | L37: ='G MTTS'!X37 -> 0 | M37: ='G MTTS'!AA37 -> 50000 | N37: ='G MTTS'!AG37 -> 6 | O37: ='G MTTS'!AH37 -> 5 | P37: ='G MTTS'!AI37 -> 5 | Q37: ='G MTTS'!AJ37 -> 13 | R37: =IF(B37=0," ",TIME(,ROUNDDOWN(N37*Q37/60,0)*5+(N37*Q37),)+B37) -> 0.40487269 | S37: =IFERROR(IF(H37=0," ",IF(H37<=25,"MICRO",IF(H37<=99,"LOW",IF(H37<=499,"MEDIUM",IF(H37<=2500,"HIGH",IF(H37>2500,"SUPER HIGH",)))))),"") -> MICRO
B38: ='G MTTS'!B38 -> 0.37501157 | C38: ='G MTTS'!J38 -> 750 Bounty | D38: ='G MTTS'!M38 -> Side Event | E38: ='G MTTS'!N38 -> NLH | F38: ='G MTTS'!O38 -> Progressive KO 1/3 | G38: =IF('G MTTS'!Q38=0," ",'G MTTS'!Q38*$A$3) -> 750 | H38: =IF('G MTTS'!V38=0," ",'G MTTS'!V38*$A$3) -> 7.5 | I38: =IF('G MTTS'!W38=0," ",'G MTTS'!W38*$A$3) -> 7.5 | J38: =IF('G MTTS'!Z38=0," ",'G MTTS'!Z38*$A$3) | K38: ='G MTTS'!AF38 -> 50000 | L38: ='G MTTS'!X38 -> 60000 | M38: ='G MTTS'!AA38 -> REENTRY | N38: ='G MTTS'!AG38 -> 8 | O38: ='G MTTS'!AH38 -> 7 | P38: ='G MTTS'!AI38 -> 7 | Q38: ='G MTTS'!AJ38 -> 15 | R38: =IF(B38=0," ",TIME(,ROUNDDOWN(N38*Q38/60,0)*5+(N38*Q38),)+B38) -> 0.46528935 | S38: =IFERROR(IF(H38=0," ",IF(H38<=25,"MICRO",IF(H38<=99,"LOW",IF(H38<=499,"MEDIUM",IF(H38<=2500,"HIGH",IF(H38>2500,"SUPER HIGH",)))))),"") -> MICRO
B39: ='G MTTS'!B39 -> 0.37501157 | C39: ='G MTTS'!J39 -> 500 Omax | D39: ='G MTTS'!M39 -> Side Event | E39: ='G MTTS'!N39 -> PLO4 | F39: ='G MTTS'!O39 -> OFF | G39: =IF('G MTTS'!Q39=0," ",'G MTTS'!Q39*$A$3) -> 500 | H39: =IF('G MTTS'!V39=0," ",'G MTTS'!V39*$A$3) -> 5 | I39: =IF('G MTTS'!W39=0," ",'G MTTS'!W39*$A$3) -> 5 | J39: =IF('G MTTS'!Z39=0," ",'G MTTS'!Z39*$A$3) -> 5 | K39: ='G MTTS'!AF39 -> 40000 | L39: ='G MTTS'!X39 -> 0 | M39: ='G MTTS'!AA39 -> 80000 | N39: ='G MTTS'!AG39 -> 7 | O39: ='G MTTS'!AH39 -> 7 | P39: ='G MTTS'!AI39 -> 7 | Q39: ='G MTTS'!AJ39 -> 13 | R39: =IF(B39=0," ",TIME(,ROUNDDOWN(N39*Q39/60,0)*5+(N39*Q39),)+B39) -> 0.44167824 | S39: =IFERROR(IF(H39=0," ",IF(H39<=25,"MICRO",IF(H39<=99,"LOW",IF(H39<=499,"MEDIUM",IF(H39<=2500,"HIGH",IF(H39>2500,"SUPER HIGH",)))))),"") -> MICRO
A40: SEGUNDA-FEIRA | B40: ='G MTTS'!B40 -> 0.41667824 | C40: ='G MTTS'!J40 -> #AS 4K Battle | D40: ='G MTTS'!M40 -> Side Event | E40: ='G MTTS'!N40 -> NLH | F40: ='G MTTS'!O40 -> Regular KO 1/2 | G40: =IF('G MTTS'!Q40=0," ",'G MTTS'!Q40*$A$3) -> 4000 | H40: =IF('G MTTS'!V40=0," ",'G MTTS'!V40*$A$3) -> 30 | I40: =IF('G MTTS'!W40=0," ",'G MTTS'!W40*$A$3) -> 30 | J40: =IF('G MTTS'!Z40=0," ",'G MTTS'!Z40*$A$3) | K40: ='G MTTS'!AF40 -> 40000 | L40: ='G MTTS'!X40 -> 0 | M40: ='G MTTS'!AA40 -> REENTRY | N40: ='G MTTS'!AG40 -> 10 | O40: ='G MTTS'!AH40 -> 8 | P40: ='G MTTS'!AI40 -> 8 | Q40: ='G MTTS'!AJ40 -> 14 | R40: =IF(B40=0," ",TIME(,ROUNDDOWN(N40*Q40/60,0)*5+(N40*Q40),)+B40) -> 0.52084491 | S40: =IFERROR(IF(H40=0," ",IF(H40<=25,"MICRO",IF(H40<=99,"LOW",IF(H40<=499,"MEDIUM",IF(H40<=2500,"HIGH",IF(H40>2500,"SUPER HIGH",)))))),"") -> LOW
B41: ='G MTTS'!B41 -> 0.41667824 | C41: ='G MTTS'!J41 -> 1K Plus | D41: ='G MTTS'!M41 -> Side Event | E41: ='G MTTS'!N41 -> NLH | F41: ='G MTTS'!O41 -> OFF | G41: =IF('G MTTS'!Q41=0," ",'G MTTS'!Q41*$A$3) -> 1000 | H41: =IF('G MTTS'!V41=0," ",'G MTTS'!V41*$A$3) -> 2 | I41: =IF('G MTTS'!W41=0," ",'G MTTS'!W41*$A$3) -> 2 | J41: =IF('G MTTS'!Z41=0," ",'G MTTS'!Z41*$A$3) -> 2 | K41: ='G MTTS'!AF41 -> 40000 | L41: ='G MTTS'!X41 -> 0 | M41: ='G MTTS'!AA41 -> 80000 | N41: ='G MTTS'!AG41 -> 7 | O41: ='G MTTS'!AH41 -> 6 | P41: ='G MTTS'!AI41 -> 6 | Q41: ='G MTTS'!AJ41 -> 15 | R41: =IF(B41=0," ",TIME(,ROUNDDOWN(N41*Q41/60,0)*5+(N41*Q41),)+B41) -> 0.49306713 | S41: =IFERROR(IF(H41=0," ",IF(H41<=25,"MICRO",IF(H41<=99,"LOW",IF(H41<=499,"MEDIUM",IF(H41<=2500,"HIGH",IF(H41>2500,"SUPER HIGH",)))))),"") -> MICRO
B42: ='G MTTS'!B42 -> 0.41667824 | C42: ='G MTTS'!J42 -> #AS 3K Plus | D42: ='G MTTS'!M42 -> Side Event | E42: ='G MTTS'!N42 -> NLH | F42: ='G MTTS'!O42 -> OFF | G42: =IF('G MTTS'!Q42=0," ",'G MTTS'!Q42*$A$3) -> 3000 | H42: =IF('G MTTS'!V42=0," ",'G MTTS'!V42*$A$3) -> 8 | I42: =IF('G MTTS'!W42=0," ",'G MTTS'!W42*$A$3) -> 8 | J42: =IF('G MTTS'!Z42=0," ",'G MTTS'!Z42*$A$3) -> 8 | K42: ='G MTTS'!AF42 -> 40000 | L42: ='G MTTS'!X42 -> 0 | M42: ='G MTTS'!AA42 -> 160000 | N42: ='G MTTS'!AG42 -> 8 | O42: ='G MTTS'!AH42 -> 7 | P42: ='G MTTS'!AI42 -> 7 | Q42: ='G MTTS'!AJ42 -> 15 | R42: =IF(B42=0," ",TIME(,ROUNDDOWN(N42*Q42/60,0)*5+(N42*Q42),)+B42) -> 0.50695602 | S42: =IFERROR(IF(H42=0," ",IF(H42<=25,"MICRO",IF(H42<=99,"LOW",IF(H42<=499,"MEDIUM",IF(H42<=2500,"HIGH",IF(H42>2500,"SUPER HIGH",)))))),"") -> MICRO
A43: SEGUNDA-FEIRA | B43: ='G MTTS'!B43 -> 0.43751157 | C43: ='G MTTS'!J43 -> #AS 2K Omax | D43: ='G MTTS'!M43 -> Side Event | E43: ='G MTTS'!N43 -> PLO5 | F43: ='G MTTS'!O43 -> OFF | G43: =IF('G MTTS'!Q43=0," ",'G MTTS'!Q43*$A$3) -> 2000 | H43: =IF('G MTTS'!V43=0," ",'G MTTS'!V43*$A$3) -> 15 | I43: =IF('G MTTS'!W43=0," ",'G MTTS'!W43*$A$3) -> 15 | J43: =IF('G MTTS'!Z43=0," ",'G MTTS'!Z43*$A$3) -> 15 | K43: ='G MTTS'!AF43 -> 40000 | L43: ='G MTTS'!X43 -> 0 | M43: ='G MTTS'!AA43 -> 100000 | N43: ='G MTTS'!AG43 -> 8 | O43: ='G MTTS'!AH43 -> 7 | P43: ='G MTTS'!AI43 -> 7 | Q43: ='G MTTS'!AJ43 -> 13 | R43: =IF(B43=0," ",TIME(,ROUNDDOWN(N43*Q43/60,0)*5+(N43*Q43),)+B43) -> 0.51320602 | S43: =IFERROR(IF(H43=0," ",IF(H43<=25,"MICRO",IF(H43<=99,"LOW",IF(H43<=499,"MEDIUM",IF(H43<=2500,"HIGH",IF(H43>2500,"SUPER HIGH",)))))),"") -> MICRO
B44: ='G MTTS'!B44 -> 0.45834491 | C44: ='G MTTS'!J44 -> #AS 15K Plus+SPS | D44: ='G MTTS'!M44 -> Side Event | E44: ='G MTTS'!N44 -> NLH | F44: ='G MTTS'!O44 -> OFF | G44: =IF('G MTTS'!Q44=0," ",'G MTTS'!Q44*$A$3) -> 16000 | H44: =IF('G MTTS'!V44=0," ",'G MTTS'!V44*$A$3) -> 15 | I44: =IF('G MTTS'!W44=0," ",'G MTTS'!W44*$A$3) -> 15 | J44: =IF('G MTTS'!Z44=0," ",'G MTTS'!Z44*$A$3) -> 15 | K44: ='G MTTS'!AF44 -> 40000 | L44: ='G MTTS'!X44 -> 0 | M44: ='G MTTS'!AA44 -> 160000 | N44: ='G MTTS'!AG44 -> 10 | O44: ='G MTTS'!AH44 -> 8 | P44: ='G MTTS'!AI44 -> 8 | Q44: ='G MTTS'!AJ44 -> 15 | R44: =IF(B44=0," ",TIME(,ROUNDDOWN(N44*Q44/60,0)*5+(N44*Q44),)+B44) -> 0.56945602 | S44: =IFERROR(IF(H44=0," ",IF(H44<=25,"MICRO",IF(H44<=99,"LOW",IF(H44<=499,"MEDIUM",IF(H44<=2500,"HIGH",IF(H44>2500,"SUPER HIGH",)))))),"") -> MICRO
A45: SEGUNDA-FEIRA | B45: ='G MTTS'!B45 -> 0.45834491 | C45: ='G MTTS'!J45 -> 600 Omax | D45: ='G MTTS'!M45 -> Side Event | E45: ='G MTTS'!N45 -> PLO4 | F45: ='G MTTS'!O45 -> OFF | G45: =IF('G MTTS'!Q45=0," ",'G MTTS'!Q45*$A$3) -> 600 | H45: =IF('G MTTS'!V45=0," ",'G MTTS'!V45*$A$3) -> 4 | I45: =IF('G MTTS'!W45=0," ",'G MTTS'!W45*$A$3) -> 4 | J45: =IF('G MTTS'!Z45=0," ",'G MTTS'!Z45*$A$3) -> 5 | K45: ='G MTTS'!AF45 -> 40000 | L45: ='G MTTS'!X45 -> 0 | M45: ='G MTTS'!AA45 -> 100000 | N45: ='G MTTS'!AG45 -> 8 | O45: ='G MTTS'!AH45 -> 7 | P45: ='G MTTS'!AI45 -> 7 | Q45: ='G MTTS'!AJ45 -> 15 | R45: =IF(B45=0," ",TIME(,ROUNDDOWN(N45*Q45/60,0)*5+(N45*Q45),)+B45) -> 0.54862269 | S45: =IFERROR(IF(H45=0," ",IF(H45<=25,"MICRO",IF(H45<=99,"LOW",IF(H45<=499,"MEDIUM",IF(H45<=2500,"HIGH",IF(H45>2500,"SUPER HIGH",)))))),"") -> MICRO
B46: ='G MTTS'!B46 -> 0.45834491 | C46: ='G MTTS'!J46 -> Sit&go 200p max. | D46: ='G MTTS'!M46 -> Side Event | E46: ='G MTTS'!N46 -> NLH | F46: ='G MTTS'!O46 -> OFF | G46: =IF('G MTTS'!Q46=0," ",'G MTTS'!Q46*$A$3) -> 200 | H46: =IF('G MTTS'!V46=0," ",'G MTTS'!V46*$A$3) -> 3 | I46: =IF('G MTTS'!W46=0," ",'G MTTS'!W46*$A$3) -> 3 | J46: =IF('G MTTS'!Z46=0," ",'G MTTS'!Z46*$A$3) -> 3 | K46: ='G MTTS'!AF46 -> 20000 | L46: ='G MTTS'!X46 -> 0 | M46: ='G MTTS'!AA46 -> 30000 | N46: ='G MTTS'!AG46 -> 5 | O46: ='G MTTS'!AH46 -> 5 | P46: ='G MTTS'!AI46 -> 5 | Q46: ='G MTTS'!AJ46 -> 15 | R46: =IF(B46=0," ",TIME(,ROUNDDOWN(N46*Q46/60,0)*5+(N46*Q46),)+B46) -> 0.51390046 | S46: =IFERROR(IF(H46=0," ",IF(H46<=25,"MICRO",IF(H46<=99,"LOW",IF(H46<=499,"MEDIUM",IF(H46<=2500,"HIGH",IF(H46>2500,"SUPER HIGH",)))))),"") -> MICRO
B47: ='G MTTS'!B47 -> 0.50001157 | C47: ='G MTTS'!J47 -> #AS 3K Big Mystery | D47: ='G MTTS'!M47 -> Side Event | E47: ='G MTTS'!N47 -> NLH | F47: ='G MTTS'!O47 -> Mystery Bounty 1/2 | G47: =IF('G MTTS'!Q47=0," ",'G MTTS'!Q47*$A$3) -> 3000 | H47: =IF('G MTTS'!V47=0," ",'G MTTS'!V47*$A$3) -> 10 | I47: =IF('G MTTS'!W47=0," ",'G MTTS'!W47*$A$3) -> 10 | J47: =IF('G MTTS'!Z47=0," ",'G MTTS'!Z47*$A$3) | K47: ='G MTTS'!AF47 -> 60000 | L47: ='G MTTS'!X47 -> 0 | M47: ='G MTTS'!AA47 -> REENTRY | N47: ='G MTTS'!AG47 -> 10 | O47: ='G MTTS'!AH47 -> 8 | P47: ='G MTTS'!AI47 -> 8 | Q47: ='G MTTS'!AJ47 -> 14 | R47: =IF(B47=0," ",TIME(,ROUNDDOWN(N47*Q47/60,0)*5+(N47*Q47),)+B47) -> 0.60417824 | S47: =IFERROR(IF(H47=0," ",IF(H47<=25,"MICRO",IF(H47<=99,"LOW",IF(H47<=499,"MEDIUM",IF(H47<=2500,"HIGH",IF(H47>2500,"SUPER HIGH",)))))),"") -> MICRO
A48: SEGUNDA-FEIRA | B48: ='G MTTS'!B48 -> 0.50001157 | C48: ='G MTTS'!J48 -> 1.5K Plus | D48: ='G MTTS'!M48 -> Side Event | E48: ='G MTTS'!N48 -> NLH | F48: ='G MTTS'!O48 -> OFF | G48: =IF('G MTTS'!Q48=0," ",'G MTTS'!Q48*$A$3) -> 1500 | H48: =IF('G MTTS'!V48=0," ",'G MTTS'!V48*$A$3) -> 3 | I48: =IF('G MTTS'!W48=0," ",'G MTTS'!W48*$A$3) -> 3 | J48: =IF('G MTTS'!Z48=0," ",'G MTTS'!Z48*$A$3) -> 4 | K48: ='G MTTS'!AF48 -> 40000 | L48: ='G MTTS'!X48 -> 0 | M48: ='G MTTS'!AA48 -> 100000 | N48: ='G MTTS'!AG48 -> 7 | O48: ='G MTTS'!AH48 -> 6 | P48: ='G MTTS'!AI48 -> 6 | Q48: ='G MTTS'!AJ48 -> 15 | R48: =IF(B48=0," ",TIME(,ROUNDDOWN(N48*Q48/60,0)*5+(N48*Q48),)+B48) -> 0.57640046 | S48: =IFERROR(IF(H48=0," ",IF(H48<=25,"MICRO",IF(H48<=99,"LOW",IF(H48<=499,"MEDIUM",IF(H48<=2500,"HIGH",IF(H48>2500,"SUPER HIGH",)))))),"") -> MICRO
B49: ='G MTTS'!B49 -> 0.50001157 | C49: ='G MTTS'!J49 -> #AS 10K Reentry | D49: ='G MTTS'!M49 -> Side Event | E49: ='G MTTS'!N49 -> NLH | F49: ='G MTTS'!O49 -> OFF | G49: =IF('G MTTS'!Q49=0," ",'G MTTS'!Q49*$A$3) -> 10000 | H49: =IF('G MTTS'!V49=0," ",'G MTTS'!V49*$A$3) -> 75 | I49: =IF('G MTTS'!W49=0," ",'G MTTS'!W49*$A$3) -> 75 | J49: =IF('G MTTS'!Z49=0," ",'G MTTS'!Z49*$A$3) | K49: ='G MTTS'!AF49 -> 80000 | L49: ='G MTTS'!X49 -> 0 | M49: ='G MTTS'!AA49 -> REENTRY | N49: ='G MTTS'!AG49 -> 12 | O49: ='G MTTS'!AH49 -> 10 | P49: ='G MTTS'!AI49 -> 10 | Q49: ='G MTTS'!AJ49 -> 15 | R49: =IF(B49=0," ",TIME(,ROUNDDOWN(N49*Q49/60,0)*5+(N49*Q49),)+B49) -> 0.63542824 | S49: =IFERROR(IF(H49=0," ",IF(H49<=25,"MICRO",IF(H49<=99,"LOW",IF(H49<=499,"MEDIUM",IF(H49<=2500,"HIGH",IF(H49>2500,"SUPER HIGH",)))))),"") -> LOW
B50: ='G MTTS'!B50 -> 0.52084491 | C50: ='G MTTS'!J50 -> #AS 10K OmaX PKO | D50: ='G MTTS'!M50 -> Side Event | E50: ='G MTTS'!N50 -> PLO5 | F50: ='G MTTS'!O50 -> Progressive KO 1/2 | G50: =IF('G MTTS'!Q50=0," ",'G MTTS'!Q50*$A$3) -> 10000 | H50: =IF('G MTTS'!V50=0," ",'G MTTS'!V50*$A$3) -> 60 | I50: =IF('G MTTS'!W50=0," ",'G MTTS'!W50*$A$3) -> 60 | J50: =IF('G MTTS'!Z50=0," ",'G MTTS'!Z50*$A$3) | K50: ='G MTTS'!AF50 -> 40000 | L50: ='G MTTS'!X50 -> 0 | M50: ='G MTTS'!AA50 -> REENTRY | N50: ='G MTTS'!AG50 -> 12 | O50: ='G MTTS'!AH50 -> 10 | P50: ='G MTTS'!AI50 -> 10 | Q50: ='G MTTS'!AJ50 -> 14 | R50: =IF(B50=0," ",TIME(,ROUNDDOWN(N50*Q50/60,0)*5+(N50*Q50),)+B50) -> 0.64445602 | S50: =IFERROR(IF(H50=0," ",IF(H50<=25,"MICRO",IF(H50<=99,"LOW",IF(H50<=499,"MEDIUM",IF(H50<=2500,"HIGH",IF(H50>2500,"SUPER HIGH",)))))),"") -> LOW
B51: ='G MTTS'!B51 -> 0.54167824 | C51: ='G MTTS'!J51 -> #AS 10K Battle | D51: ='G MTTS'!M51 -> Side Event | E51: ='G MTTS'!N51 -> NLH | F51: ='G MTTS'!O51 -> Regular KO 1/2 | G51: =IF('G MTTS'!Q51=0," ",'G MTTS'!Q51*$A$3) -> 10000 | H51: =IF('G MTTS'!V51=0," ",'G MTTS'!V51*$A$3) -> 25 | I51: =IF('G MTTS'!W51=0," ",'G MTTS'!W51*$A$3) -> 25 | J51: =IF('G MTTS'!Z51=0," ",'G MTTS'!Z51*$A$3) | K51: ='G MTTS'!AF51 -> 80000 | L51: ='G MTTS'!X51 -> 0 | M51: ='G MTTS'!AA51 -> REENTRY | N51: ='G MTTS'!AG51 -> 12 | O51: ='G MTTS'!AH51 -> 10 | P51: ='G MTTS'!AI51 -> 10 | Q51: ='G MTTS'!AJ51 -> 15 | R51: =IF(B51=0," ",TIME(,ROUNDDOWN(N51*Q51/60,0)*5+(N51*Q51),)+B51) -> 0.67709491 | S51: =IFERROR(IF(H51=0," ",IF(H51<=25,"MICRO",IF(H51<=99,"LOW",IF(H51<=499,"MEDIUM",IF(H51<=2500,"HIGH",IF(H51>2500,"SUPER HIGH",)))))),"") -> MICRO
B52: ='G MTTS'!B52 -> 0.54167824 | C52: ='G MTTS'!J52 -> 500 Omax PKO | D52: ='G MTTS'!M52 -> Side Event | E52: ='G MTTS'!N52 -> PLO4 | F52: ='G MTTS'!O52 -> Progressive KO 1/2 | G52: =IF('G MTTS'!Q52=0," ",'G MTTS'!Q52*$A$3) -> 500 | H52: =IF('G MTTS'!V52=0," ",'G MTTS'!V52*$A$3) -> 3 | I52: =IF('G MTTS'!W52=0," ",'G MTTS'!W52*$A$3) -> 3 | J52: =IF('G MTTS'!Z52=0," ",'G MTTS'!Z52*$A$3) | K52: ='G MTTS'!AF52 -> 50000 | L52: ='G MTTS'!X52 -> 0 | M52: ='G MTTS'!AA52 -> REENTRY | N52: ='G MTTS'!AG52 -> 8 | O52: ='G MTTS'!AH52 -> 7 | P52: ='G MTTS'!AI52 -> 7 | Q52: ='G MTTS'!AJ52 -> 15 | R52: =IF(B52=0," ",TIME(,ROUNDDOWN(N52*Q52/60,0)*5+(N52*Q52),)+B52) -> 0.63195602 | S52: =IFERROR(IF(H52=0," ",IF(H52<=25,"MICRO",IF(H52<=99,"LOW",IF(H52<=499,"MEDIUM",IF(H52<=2500,"HIGH",IF(H52>2500,"SUPER HIGH",)))))),"") -> MICRO
A53: SEGUNDA-FEIRA | B53: ='G MTTS'!B53 -> 0.55209491 | C53: ='G MTTS'!J53 -> #AS 4K Freeze | D53: ='G MTTS'!M53 -> Side Event | E53: ='G MTTS'!N53 -> NLH | F53: ='G MTTS'!O53 -> OFF | G53: =IF('G MTTS'!Q53=0," ",'G MTTS'!Q53*$A$3) -> 4000 | H53: =IF('G MTTS'!V53=0," ",'G MTTS'!V53*$A$3) -> 35 | I53: =IF('G MTTS'!W53=0," ",'G MTTS'!W53*$A$3) | J53: =IF('G MTTS'!Z53=0," ",'G MTTS'!Z53*$A$3) | K53: ='G MTTS'!AF53 -> 40000 | L53: ='G MTTS'!X53 -> 0 | M53: ='G MTTS'!AA53 -> FREEZE | N53: ='G MTTS'!AG53 -> 10 | O53: ='G MTTS'!AH53 -> 10 | P53: ='G MTTS'!AI53 -> 10 | Q53: ='G MTTS'!AJ53 -> 14 | R53: =IF(B53=0," ",TIME(,ROUNDDOWN(N53*Q53/60,0)*5+(N53*Q53),)+B53) -> 0.65626157 | S53: =IFERROR(IF(H53=0," ",IF(H53<=25,"MICRO",IF(H53<=99,"LOW",IF(H53<=499,"MEDIUM",IF(H53<=2500,"HIGH",IF(H53>2500,"SUPER HIGH",)))))),"") -> LOW
B54: ='G MTTS'!B54 -> 0.56251157 | C54: ='G MTTS'!J54 -> #AS 4K Plus | D54: ='G MTTS'!M54 -> Side Event | E54: ='G MTTS'!N54 -> NLH | F54: ='G MTTS'!O54 -> OFF | G54: =IF('G MTTS'!Q54=0," ",'G MTTS'!Q54*$A$3) -> 4000 | H54: =IF('G MTTS'!V54=0," ",'G MTTS'!V54*$A$3) -> 10 | I54: =IF('G MTTS'!W54=0," ",'G MTTS'!W54*$A$3) -> 10 | J54: =IF('G MTTS'!Z54=0," ",'G MTTS'!Z54*$A$3) -> 15 | K54: ='G MTTS'!AF54 -> 40000 | L54: ='G MTTS'!X54 -> 0 | M54: ='G MTTS'!AA54 -> 120000 | N54: ='G MTTS'!AG54 -> 8 | O54: ='G MTTS'!AH54 -> 7 | P54: ='G MTTS'!AI54 -> 8 | Q54: ='G MTTS'!AJ54 -> 15 | R54: =IF(B54=0," ",TIME(,ROUNDDOWN(N54*Q54/60,0)*5+(N54*Q54),)+B54) -> 0.65278935 | S54: =IFERROR(IF(H54=0," ",IF(H54<=25,"MICRO",IF(H54<=99,"LOW",IF(H54<=499,"MEDIUM",IF(H54<=2500,"HIGH",IF(H54>2500,"SUPER HIGH",)))))),"") -> MICRO
B55: ='G MTTS'!B55 -> 0.58334491 | C55: ='G MTTS'!J55 -> Sit&go 200p max. | D55: ='G MTTS'!M55 -> Side Event | E55: ='G MTTS'!N55 -> NLH | F55: ='G MTTS'!O55 -> OFF | G55: =IF('G MTTS'!Q55=0," ",'G MTTS'!Q55*$A$3) -> 200 | H55: =IF('G MTTS'!V55=0," ",'G MTTS'!V55*$A$3) -> 3 | I55: =IF('G MTTS'!W55=0," ",'G MTTS'!W55*$A$3) -> 3 | J55: =IF('G MTTS'!Z55=0," ",'G MTTS'!Z55*$A$3) -> 3 | K55: ='G MTTS'!AF55 -> 20000 | L55: ='G MTTS'!X55 -> 0 | M55: ='G MTTS'!AA55 -> 30000 | N55: ='G MTTS'!AG55 -> 5 | O55: ='G MTTS'!AH55 -> 5 | P55: ='G MTTS'!AI55 -> 5 | Q55: ='G MTTS'!AJ55 -> 15 | R55: =IF(B55=0," ",TIME(,ROUNDDOWN(N55*Q55/60,0)*5+(N55*Q55),)+B55) -> 0.63890046 | S55: =IFERROR(IF(H55=0," ",IF(H55<=25,"MICRO",IF(H55<=99,"LOW",IF(H55<=499,"MEDIUM",IF(H55<=2500,"HIGH",IF(H55>2500,"SUPER HIGH",)))))),"") -> MICRO
A56: SEGUNDA-FEIRA | B56: ='G MTTS'!B56 -> 0.58334491 | C56: ='G MTTS'!J56 -> 1K Omax | D56: ='G MTTS'!M56 -> Side Event | E56: ='G MTTS'!N56 -> PLO6 | F56: ='G MTTS'!O56 -> OFF | G56: =IF('G MTTS'!Q56=0," ",'G MTTS'!Q56*$A$3) -> 1000 | H56: =IF('G MTTS'!V56=0," ",'G MTTS'!V56*$A$3) -> 10 | I56: =IF('G MTTS'!W56=0," ",'G MTTS'!W56*$A$3) -> 10 | J56: =IF('G MTTS'!Z56=0," ",'G MTTS'!Z56*$A$3) -> 10 | K56: ='G MTTS'!AF56 -> 30000 | L56: ='G MTTS'!X56 -> 0 | M56: ='G MTTS'!AA56 -> 90000 | N56: ='G MTTS'!AG56 -> 8 | O56: ='G MTTS'!AH56 -> 7 | P56: ='G MTTS'!AI56 -> 7 | Q56: ='G MTTS'!AJ56 -> 12 | R56: =IF(B56=0," ",TIME(,ROUNDDOWN(N56*Q56/60,0)*5+(N56*Q56),)+B56) -> 0.6534838 | S56: =IFERROR(IF(H56=0," ",IF(H56<=25,"MICRO",IF(H56<=99,"LOW",IF(H56<=499,"MEDIUM",IF(H56<=2500,"HIGH",IF(H56>2500,"SUPER HIGH",)))))),"") -> MICRO
B57: ='G MTTS'!B57 -> 0.58334491 | C57: ='G MTTS'!J57 -> #AS 5K Mini Plus | D57: ='G MTTS'!M57 -> Side Event | E57: ='G MTTS'!N57 -> NLH | F57: ='G MTTS'!O57 -> OFF | G57: =IF('G MTTS'!Q57=0," ",'G MTTS'!Q57*$A$3) -> 5000 | H57: =IF('G MTTS'!V57=0," ",'G MTTS'!V57*$A$3) -> 3 | I57: =IF('G MTTS'!W57=0," ",'G MTTS'!W57*$A$3) -> 3 | J57: =IF('G MTTS'!Z57=0," ",'G MTTS'!Z57*$A$3) -> 3 | K57: ='G MTTS'!AF57 -> 40000 | L57: ='G MTTS'!X57 -> 0 | M57: ='G MTTS'!AA57 -> 120000 | N57: ='G MTTS'!AG57 -> 8 | O57: ='G MTTS'!AH57 -> 7 | P57: ='G MTTS'!AI57 -> 7 | Q57: ='G MTTS'!AJ57 -> 15 | R57: =IF(B57=0," ",TIME(,ROUNDDOWN(N57*Q57/60,0)*5+(N57*Q57),)+B57) -> 0.67362269 | S57: =IFERROR(IF(H57=0," ",IF(H57<=25,"MICRO",IF(H57<=99,"LOW",IF(H57<=499,"MEDIUM",IF(H57<=2500,"HIGH",IF(H57>2500,"SUPER HIGH",)))))),"") -> MICRO
B58: ='G MTTS'!B58 -> 0.60417824 | C58: ='G MTTS'!J58 -> #AS 1.5K Omax PKO | D58: ='G MTTS'!M58 -> Side Event | E58: ='G MTTS'!N58 -> PLO5 | F58: ='G MTTS'!O58 -> Progressive KO 1/2 | G58: =IF('G MTTS'!Q58=0," ",'G MTTS'!Q58*$A$3) -> 1500 | H58: =IF('G MTTS'!V58=0," ",'G MTTS'!V58*$A$3) -> 10 | I58: =IF('G MTTS'!W58=0," ",'G MTTS'!W58*$A$3) -> 10 | J58: =IF('G MTTS'!Z58=0," ",'G MTTS'!Z58*$A$3) | K58: ='G MTTS'!AF58 -> 50000 | L58: ='G MTTS'!X58 -> 0 | M58: ='G MTTS'!AA58 -> REENTRY | N58: ='G MTTS'!AG58 -> 8 | O58: ='G MTTS'!AH58 -> 8 | P58: ='G MTTS'!AI58 -> 8 | Q58: ='G MTTS'!AJ58 -> 15 | R58: =IF(B58=0," ",TIME(,ROUNDDOWN(N58*Q58/60,0)*5+(N58*Q58),)+B58) -> 0.69445602 | S58: =IFERROR(IF(H58=0," ",IF(H58<=25,"MICRO",IF(H58<=99,"LOW",IF(H58<=499,"MEDIUM",IF(H58<=2500,"HIGH",IF(H58>2500,"SUPER HIGH",)))))),"") -> MICRO
A59: SEGUNDA-FEIRA | B59: ='G MTTS'!B59 -> 0.62501157 | C59: ='G MTTS'!J59 -> #AS 20K Plus+SPS | D59: ='G MTTS'!M59 -> Side Event | E59: ='G MTTS'!N59 -> NLH | F59: ='G MTTS'!O59 -> OFF | G59: =IF('G MTTS'!Q59=0," ",'G MTTS'!Q59*$A$3) -> 21000 | H59: =IF('G MTTS'!V59=0," ",'G MTTS'!V59*$A$3) -> 15 | I59: =IF('G MTTS'!W59=0," ",'G MTTS'!W59*$A$3) -> 15 | J59: =IF('G MTTS'!Z59=0," ",'G MTTS'!Z59*$A$3) -> 15 | K59: ='G MTTS'!AF59 -> 40000 | L59: ='G MTTS'!X59 -> 0 | M59: ='G MTTS'!AA59 -> 160000 | N59: ='G MTTS'!AG59 -> 10 | O59: ='G MTTS'!AH59 -> 8 | P59: ='G MTTS'!AI59 -> 8 | Q59: ='G MTTS'!AJ59 -> 13 | R59: =IF(B59=0," ",TIME(,ROUNDDOWN(N59*Q59/60,0)*5+(N59*Q59),)+B59) -> 0.7222338 | S59: =IFERROR(IF(H59=0," ",IF(H59<=25,"MICRO",IF(H59<=99,"LOW",IF(H59<=499,"MEDIUM",IF(H59<=2500,"HIGH",IF(H59>2500,"SUPER HIGH",)))))),"") -> MICRO
B60: ='G MTTS'!B60 -> 0.64584491 | C60: ='G MTTS'!J60 -> #AS 12K OmaX PKO | D60: ='G MTTS'!M60 -> Side Event | E60: ='G MTTS'!N60 -> PLO5 | F60: ='G MTTS'!O60 -> Progressive KO 1/2 | G60: =IF('G MTTS'!Q60=0," ",'G MTTS'!Q60*$A$3) -> 12000 | H60: =IF('G MTTS'!V60=0," ",'G MTTS'!V60*$A$3) -> 150 | I60: =IF('G MTTS'!W60=0," ",'G MTTS'!W60*$A$3) -> 150 | J60: =IF('G MTTS'!Z60=0," ",'G MTTS'!Z60*$A$3) | K60: ='G MTTS'!AF60 -> 40000 | L60: ='G MTTS'!X60 -> 0 | M60: ='G MTTS'!AA60 -> REENTRY | N60: ='G MTTS'!AG60 -> 10 | O60: ='G MTTS'!AH60 -> 10 | P60: ='G MTTS'!AI60 -> 10 | Q60: ='G MTTS'!AJ60 -> 14 | R60: =IF(B60=0," ",TIME(,ROUNDDOWN(N60*Q60/60,0)*5+(N60*Q60),)+B60) -> 0.75001157 | S60: =IFERROR(IF(H60=0," ",IF(H60<=25,"MICRO",IF(H60<=99,"LOW",IF(H60<=499,"MEDIUM",IF(H60<=2500,"HIGH",IF(H60>2500,"SUPER HIGH",)))))),"") -> MEDIUM
B61: ='G MTTS'!B61 -> 0.66667824 | C61: ='G MTTS'!J61 -> 500 Omax | D61: ='G MTTS'!M61 -> Side Event | E61: ='G MTTS'!N61 -> PLO4 | F61: ='G MTTS'!O61 -> OFF | G61: =IF('G MTTS'!Q61=0," ",'G MTTS'!Q61*$A$3) -> 500 | H61: =IF('G MTTS'!V61=0," ",'G MTTS'!V61*$A$3) -> 4 | I61: =IF('G MTTS'!W61=0," ",'G MTTS'!W61*$A$3) -> 4 | J61: =IF('G MTTS'!Z61=0," ",'G MTTS'!Z61*$A$3) -> 4 | K61: ='G MTTS'!AF61 -> 40000 | L61: ='G MTTS'!X61 -> 0 | M61: ='G MTTS'!AA61 -> 80000 | N61: ='G MTTS'!AG61 -> 8 | O61: ='G MTTS'!AH61 -> 7 | P61: ='G MTTS'!AI61 -> 7 | Q61: ='G MTTS'!AJ61 -> 12 | R61: =IF(B61=0," ",TIME(,ROUNDDOWN(N61*Q61/60,0)*5+(N61*Q61),)+B61) -> 0.73681713 | S61: =IFERROR(IF(H61=0," ",IF(H61<=25,"MICRO",IF(H61<=99,"LOW",IF(H61<=499,"MEDIUM",IF(H61<=2500,"HIGH",IF(H61>2500,"SUPER HIGH",)))))),"") -> MICRO
A62: SEGUNDA-FEIRA | B62: ='G MTTS'!B62 -> 0.66667824 | C62: ='G MTTS'!J62 -> 1.5K Plus | D62: ='G MTTS'!M62 -> Side Event | E62: ='G MTTS'!N62 -> NLH | F62: ='G MTTS'!O62 -> OFF | G62: =IF('G MTTS'!Q62=0," ",'G MTTS'!Q62*$A$3) -> 1500 | H62: =IF('G MTTS'!V62=0," ",'G MTTS'!V62*$A$3) -> 2 | I62: =IF('G MTTS'!W62=0," ",'G MTTS'!W62*$A$3) -> 2 | J62: =IF('G MTTS'!Z62=0," ",'G MTTS'!Z62*$A$3) -> 3 | K62: ='G MTTS'!AF62 -> 20000 | L62: ='G MTTS'!X62 -> 0 | M62: ='G MTTS'!AA62 -> 50000 | N62: ='G MTTS'!AG62 -> 8 | O62: ='G MTTS'!AH62 -> 7 | P62: ='G MTTS'!AI62 -> 7 | Q62: ='G MTTS'!AJ62 -> 12 | R62: =IF(B62=0," ",TIME(,ROUNDDOWN(N62*Q62/60,0)*5+(N62*Q62),)+B62) -> 0.73681713 | S62: =IFERROR(IF(H62=0," ",IF(H62<=25,"MICRO",IF(H62<=99,"LOW",IF(H62<=499,"MEDIUM",IF(H62<=2500,"HIGH",IF(H62>2500,"SUPER HIGH",)))))),"") -> MICRO
B63: ='G MTTS'!B63 -> 0.68751157 | C63: ='G MTTS'!J63 -> #AS 6K Monday Freeze | D63: ='G MTTS'!M63 -> Side Event | E63: ='G MTTS'!N63 -> NLH | F63: ='G MTTS'!O63 -> OFF | G63: =IF('G MTTS'!Q63=0," ",'G MTTS'!Q63*$A$3) -> 6000 | H63: =IF('G MTTS'!V63=0," ",'G MTTS'!V63*$A$3) -> 50 | I63: =IF('G MTTS'!W63=0," ",'G MTTS'!W63*$A$3) | J63: =IF('G MTTS'!Z63=0," ",'G MTTS'!Z63*$A$3) | K63: ='G MTTS'!AF63 -> 50000 | L63: ='G MTTS'!X63 -> 0 | M63: ='G MTTS'!AA63 -> FREEZE | N63: ='G MTTS'!AG63 -> 12 | O63: ='G MTTS'!AH63 -> 10 | P63: ='G MTTS'!AI63 -> 10 | Q63: ='G MTTS'!AJ63 -> 14 | R63: =IF(B63=0," ",TIME(,ROUNDDOWN(N63*Q63/60,0)*5+(N63*Q63),)+B63) -> 0.81112269 | S63: =IFERROR(IF(H63=0," ",IF(H63<=25,"MICRO",IF(H63<=99,"LOW",IF(H63<=499,"MEDIUM",IF(H63<=2500,"HIGH",IF(H63>2500,"SUPER HIGH",)))))),"") -> LOW
B64: ='G MTTS'!B64 -> 0.70834491 | C64: ='G MTTS'!J64 -> #AS 15K Battle PKO | D64: ='G MTTS'!M64 -> Side Event | E64: ='G MTTS'!N64 -> NLH | F64: ='G MTTS'!O64 -> Progressive KO 1/2 | G64: =IF('G MTTS'!Q64=0," ",'G MTTS'!Q64*$A$3) -> 15000 | H64: =IF('G MTTS'!V64=0," ",'G MTTS'!V64*$A$3) -> 25 | I64: =IF('G MTTS'!W64=0," ",'G MTTS'!W64*$A$3) -> 25 | J64: =IF('G MTTS'!Z64=0," ",'G MTTS'!Z64*$A$3) | K64: ='G MTTS'!AF64 -> 80000 | L64: ='G MTTS'!X64 -> 0 | M64: ='G MTTS'!AA64 -> REENTRY | N64: ='G MTTS'!AG64 -> 12 | O64: ='G MTTS'!AH64 -> 10 | P64: ='G MTTS'!AI64 -> 10 | Q64: ='G MTTS'!AJ64 -> 15 | R64: =IF(B64=0," ",TIME(,ROUNDDOWN(N64*Q64/60,0)*5+(N64*Q64),)+B64) -> 0.84376157 | S64: =IFERROR(IF(H64=0," ",IF(H64<=25,"MICRO",IF(H64<=99,"LOW",IF(H64<=499,"MEDIUM",IF(H64<=2500,"HIGH",IF(H64>2500,"SUPER HIGH",)))))),"") -> MICRO
A65: SEGUNDA-FEIRA | B65: ='G MTTS'!B65 -> 0.70834491 | C65: ='G MTTS'!J65 -> Sit&go 200p max. | D65: ='G MTTS'!M65 -> Side Event | E65: ='G MTTS'!N65 -> NLH | F65: ='G MTTS'!O65 -> OFF | G65: =IF('G MTTS'!Q65=0," ",'G MTTS'!Q65*$A$3) -> 250 | H65: =IF('G MTTS'!V65=0," ",'G MTTS'!V65*$A$3) -> 3 | I65: =IF('G MTTS'!W65=0," ",'G MTTS'!W65*$A$3) -> 3 | J65: =IF('G MTTS'!Z65=0," ",'G MTTS'!Z65*$A$3) -> 3 | K65: ='G MTTS'!AF65 -> 20000 | L65: ='G MTTS'!X65 -> 0 | M65: ='G MTTS'!AA65 -> 30000 | N65: ='G MTTS'!AG65 -> 5 | O65: ='G MTTS'!AH65 -> 5 | P65: ='G MTTS'!AI65 -> 5 | Q65: ='G MTTS'!AJ65 -> 15 | R65: =IF(B65=0," ",TIME(,ROUNDDOWN(N65*Q65/60,0)*5+(N65*Q65),)+B65) -> 0.76390046 | S65: =IFERROR(IF(H65=0," ",IF(H65<=25,"MICRO",IF(H65<=99,"LOW",IF(H65<=499,"MEDIUM",IF(H65<=2500,"HIGH",IF(H65>2500,"SUPER HIGH",)))))),"") -> MICRO
B66: ='G MTTS'!B66 -> 0.75001157 | C66: ='G MTTS'!J66 -> 750 Omax PKO | D66: ='G MTTS'!M66 -> Side Event | E66: ='G MTTS'!N66 -> PLO4 | F66: ='G MTTS'!O66 -> Progressive KO 1/2 | G66: =IF('G MTTS'!Q66=0," ",'G MTTS'!Q66*$A$3) -> 750 | H66: =IF('G MTTS'!V66=0," ",'G MTTS'!V66*$A$3) -> 3 | I66: =IF('G MTTS'!W66=0," ",'G MTTS'!W66*$A$3) -> 3 | J66: =IF('G MTTS'!Z66=0," ",'G MTTS'!Z66*$A$3) | K66: ='G MTTS'!AF66 -> 50000 | L66: ='G MTTS'!X66 -> 0 | M66: ='G MTTS'!AA66 -> REENTRY | N66: ='G MTTS'!AG66 -> 8 | O66: ='G MTTS'!AH66 -> 7 | P66: ='G MTTS'!AI66 -> 7 | Q66: ='G MTTS'!AJ66 -> 15 | R66: =IF(B66=0," ",TIME(,ROUNDDOWN(N66*Q66/60,0)*5+(N66*Q66),)+B66) -> 0.84028935 | S66: =IFERROR(IF(H66=0," ",IF(H66<=25,"MICRO",IF(H66<=99,"LOW",IF(H66<=499,"MEDIUM",IF(H66<=2500,"HIGH",IF(H66>2500,"SUPER HIGH",)))))),"") -> MICRO
A67: SEGUNDA-FEIRA | B67: ='G MTTS'!B67 -> 0.77084491 | C67: ='G MTTS'!J67 -> #AS 7.5K Mini Plus+SPS | D67: ='G MTTS'!M67 -> Side Event | E67: ='G MTTS'!N67 -> NLH | F67: ='G MTTS'!O67 -> OFF | G67: =IF('G MTTS'!Q67=0," ",'G MTTS'!Q67*$A$3) -> 8500 | H67: =IF('G MTTS'!V67=0," ",'G MTTS'!V67*$A$3) -> 3 | I67: =IF('G MTTS'!W67=0," ",'G MTTS'!W67*$A$3) -> 3 | J67: =IF('G MTTS'!Z67=0," ",'G MTTS'!Z67*$A$3) -> 3 | K67: ='G MTTS'!AF67 -> 40000 | L67: ='G MTTS'!X67 -> 0 | M67: ='G MTTS'!AA67 -> 120000 | N67: ='G MTTS'!AG67 -> 8 | O67: ='G MTTS'!AH67 -> 7 | P67: ='G MTTS'!AI67 -> 7 | Q67: ='G MTTS'!AJ67 -> 15 | R67: =IF(B67=0," ",TIME(,ROUNDDOWN(N67*Q67/60,0)*5+(N67*Q67),)+B67) -> 0.86112269 | S67: =IFERROR(IF(H67=0," ",IF(H67<=25,"MICRO",IF(H67<=99,"LOW",IF(H67<=499,"MEDIUM",IF(H67<=2500,"HIGH",IF(H67>2500,"SUPER HIGH",)))))),"") -> MICRO
B68: ='G MTTS'!B68 -> 0.79167824 | C68: ='G MTTS'!J68 -> #AS 2.5K Omax K.O | D68: ='G MTTS'!M68 -> Side Event | E68: ='G MTTS'!N68 -> PLO5 | F68: ='G MTTS'!O68 -> Regular KO 1/3 | G68: =IF('G MTTS'!Q68=0," ",'G MTTS'!Q68*$A$3) -> 2500 | H68: =IF('G MTTS'!V68=0," ",'G MTTS'!V68*$A$3) -> 10 | I68: =IF('G MTTS'!W68=0," ",'G MTTS'!W68*$A$3) -> 10 | J68: =IF('G MTTS'!Z68=0," ",'G MTTS'!Z68*$A$3) | K68: ='G MTTS'!AF68 -> 50000 | L68: ='G MTTS'!X68 -> 0 | M68: ='G MTTS'!AA68 -> REENTRY | N68: ='G MTTS'!AG68 -> 10 | O68: ='G MTTS'!AH68 -> 8 | P68: ='G MTTS'!AI68 -> 8 | Q68: ='G MTTS'!AJ68 -> 15 | R68: =IF(B68=0," ",TIME(,ROUNDDOWN(N68*Q68/60,0)*5+(N68*Q68),)+B68) -> 0.90278935 | S68: =IFERROR(IF(H68=0," ",IF(H68<=25,"MICRO",IF(H68<=99,"LOW",IF(H68<=499,"MEDIUM",IF(H68<=2500,"HIGH",IF(H68>2500,"SUPER HIGH",)))))),"") -> MICRO
B69: ='G MTTS'!B69 -> 0.79167824 | C69: ='G MTTS'!J69 -> #AS 5K Mystery+Plus | D69: ='G MTTS'!M69 -> Side Event | E69: ='G MTTS'!N69 -> NLH | F69: ='G MTTS'!O69 -> Mystery Bounty 1/2 | G69: =IF('G MTTS'!Q69=0," ",'G MTTS'!Q69*$A$3) -> 5000 | H69: =IF('G MTTS'!V69=0," ",'G MTTS'!V69*$A$3) -> 10 | I69: =IF('G MTTS'!W69=0," ",'G MTTS'!W69*$A$3) -> 10 | J69: =IF('G MTTS'!Z69=0," ",'G MTTS'!Z69*$A$3) -> 5 | K69: ='G MTTS'!AF69 -> 30000 | L69: ='G MTTS'!X69 -> 0 | M69: ='G MTTS'!AA69 -> 20000 | N69: ='G MTTS'!AG69 -> 8 | O69: ='G MTTS'!AH69 -> 8 | P69: ='G MTTS'!AI69 -> 8 | Q69: ='G MTTS'!AJ69 -> 14 | R69: =IF(B69=0," ",TIME(,ROUNDDOWN(N69*Q69/60,0)*5+(N69*Q69),)+B69) -> 0.87292824 | S69: =IFERROR(IF(H69=0," ",IF(H69<=25,"MICRO",IF(H69<=99,"LOW",IF(H69<=499,"MEDIUM",IF(H69<=2500,"HIGH",IF(H69>2500,"SUPER HIGH",)))))),"") -> MICRO
A70: SEGUNDA-FEIRA | B70: ='G MTTS'!B70 -> 0.80209491 | C70: ='G MTTS'!J70 -> Sit&go 200p max. | D70: ='G MTTS'!M70 -> Side Event | E70: ='G MTTS'!N70 -> NLH | F70: ='G MTTS'!O70 -> OFF | G70: =IF('G MTTS'!Q70=0," ",'G MTTS'!Q70*$A$3) -> 250 | H70: =IF('G MTTS'!V70=0," ",'G MTTS'!V70*$A$3) -> 3 | I70: =IF('G MTTS'!W70=0," ",'G MTTS'!W70*$A$3) -> 3 | J70: =IF('G MTTS'!Z70=0," ",'G MTTS'!Z70*$A$3) -> 3 | K70: ='G MTTS'!AF70 -> 20000 | L70: ='G MTTS'!X70 -> 0 | M70: ='G MTTS'!AA70 -> 30000 | N70: ='G MTTS'!AG70 -> 5 | O70: ='G MTTS'!AH70 -> 5 | P70: ='G MTTS'!AI70 -> 5 | Q70: ='G MTTS'!AJ70 -> 15 | R70: =IF(B70=0," ",TIME(,ROUNDDOWN(N70*Q70/60,0)*5+(N70*Q70),)+B70) -> 0.85765046 | S70: =IFERROR(IF(H70=0," ",IF(H70<=25,"MICRO",IF(H70<=99,"LOW",IF(H70<=499,"MEDIUM",IF(H70<=2500,"HIGH",IF(H70>2500,"SUPER HIGH",)))))),"") -> MICRO
B71: ='G MTTS'!B71 -> 0.81251157 | C71: ='G MTTS'!J71 -> FreeRoll Suprema | D71: ='G MTTS'!M71 -> Side Event | E71: ='G MTTS'!N71 -> NLH | F71: ='G MTTS'!O71 -> OFF | G71: =IF('G MTTS'!Q71=0," ",'G MTTS'!Q71*$A$3) -> 500 | H71: =IF('G MTTS'!V71=0," ",'G MTTS'!V71*$A$3) | I71: =IF('G MTTS'!W71=0," ",'G MTTS'!W71*$A$3) | J71: =IF('G MTTS'!Z71=0," ",'G MTTS'!Z71*$A$3) | K71: ='G MTTS'!AF71 -> 10000 | L71: ='G MTTS'!X71 -> 0 | M71: ='G MTTS'!AA71 -> FREEZE | N71: ='G MTTS'!AG71 -> 5 | O71: ='G MTTS'!AH71 -> 5 | P71: ='G MTTS'!AI71 -> 5 | Q71: ='G MTTS'!AJ71 -> 6 | R71: =IF(B71=0," ",TIME(,ROUNDDOWN(N71*Q71/60,0)*5+(N71*Q71),)+B71) -> 0.83334491 | S71: =IFERROR(IF(H71=0," ",IF(H71<=25,"MICRO",IF(H71<=99,"LOW",IF(H71<=499,"MEDIUM",IF(H71<=2500,"HIGH",IF(H71>2500,"SUPER HIGH",)))))),"") -> SUPER HIGH
B72: ='G MTTS'!B72 -> 0.81251157 | C72: ='G MTTS'!J72 -> #AS 30K OmaX PKO | D72: ='G MTTS'!M72 -> Side Event | E72: ='G MTTS'!N72 -> PLO5 | F72: ='G MTTS'!O72 -> Progressive KO 1/2 | G72: =IF('G MTTS'!Q72=0," ",'G MTTS'!Q72*$A$3) -> 30000 | H72: =IF('G MTTS'!V72=0," ",'G MTTS'!V72*$A$3) -> 150 | I72: =IF('G MTTS'!W72=0," ",'G MTTS'!W72*$A$3) -> 150 | J72: =IF('G MTTS'!Z72=0," ",'G MTTS'!Z72*$A$3) | K72: ='G MTTS'!AF72 -> 60000 | L72: ='G MTTS'!X72 -> 0 | M72: ='G MTTS'!AA72 -> REENTRY | N72: ='G MTTS'!AG72 -> 10 | O72: ='G MTTS'!AH72 -> 10 | P72: ='G MTTS'!AI72 -> 10 | Q72: ='G MTTS'!AJ72 -> 14 | R72: =IF(B72=0," ",TIME(,ROUNDDOWN(N72*Q72/60,0)*5+(N72*Q72),)+B72) -> 0.91667824 | S72: =IFERROR(IF(H72=0," ",IF(H72<=25,"MICRO",IF(H72<=99,"LOW",IF(H72<=499,"MEDIUM",IF(H72<=2500,"HIGH",IF(H72>2500,"SUPER HIGH",)))))),"") -> MEDIUM
A73: SEGUNDA-FEIRA | B73: ='G MTTS'!B73 -> 0.83334491 | C73: ='G MTTS'!J73 -> #AS 5K Omax | D73: ='G MTTS'!M73 -> Side Event | E73: ='G MTTS'!N73 -> PLO6 | F73: ='G MTTS'!O73 -> OFF | G73: =IF('G MTTS'!Q73=0," ",'G MTTS'!Q73*$A$3) -> 5000 | H73: =IF('G MTTS'!V73=0," ",'G MTTS'!V73*$A$3) -> 10 | I73: =IF('G MTTS'!W73=0," ",'G MTTS'!W73*$A$3) -> 10 | J73: =IF('G MTTS'!Z73=0," ",'G MTTS'!Z73*$A$3) -> 10 | K73: ='G MTTS'!AF73 -> 40000 | L73: ='G MTTS'!X73 -> 0 | M73: ='G MTTS'!AA73 -> 120000 | N73: ='G MTTS'!AG73 -> 10 | O73: ='G MTTS'!AH73 -> 8 | P73: ='G MTTS'!AI73 -> 8 | Q73: ='G MTTS'!AJ73 -> 12 | R73: =IF(B73=0," ",TIME(,ROUNDDOWN(N73*Q73/60,0)*5+(N73*Q73),)+B73) -> 0.92362269 | S73: =IFERROR(IF(H73=0," ",IF(H73<=25,"MICRO",IF(H73<=99,"LOW",IF(H73<=499,"MEDIUM",IF(H73<=2500,"HIGH",IF(H73>2500,"SUPER HIGH",)))))),"") -> MICRO
B74: ='G MTTS'!B74 -> 0.83334491 | C74: ='G MTTS'!J74 -> #AS 20K Freeze | D74: ='G MTTS'!M74 -> Side Event | E74: ='G MTTS'!N74 -> NLH | F74: ='G MTTS'!O74 -> OFF | G74: =IF('G MTTS'!Q74=0," ",'G MTTS'!Q74*$A$3) -> 20000 | H74: =IF('G MTTS'!V74=0," ",'G MTTS'!V74*$A$3) -> 75 | I74: =IF('G MTTS'!W74=0," ",'G MTTS'!W74*$A$3) | J74: =IF('G MTTS'!Z74=0," ",'G MTTS'!Z74*$A$3) | K74: ='G MTTS'!AF74 -> 50000 | L74: ='G MTTS'!X74 -> 0 | M74: ='G MTTS'!AA74 -> FREEZE | N74: ='G MTTS'!AG74 -> 10 | O74: ='G MTTS'!AH74 -> 10 | P74: ='G MTTS'!AI74 -> 10 | Q74: ='G MTTS'!AJ74 -> 15 | R74: =IF(B74=0," ",TIME(,ROUNDDOWN(N74*Q74/60,0)*5+(N74*Q74),)+B74) -> 0.94445602 | S74: =IFERROR(IF(H74=0," ",IF(H74<=25,"MICRO",IF(H74<=99,"LOW",IF(H74<=499,"MEDIUM",IF(H74<=2500,"HIGH",IF(H74>2500,"SUPER HIGH",)))))),"") -> LOW
B75: ='G MTTS'!B75 -> 0.83334491 | C75: ='G MTTS'!J75 -> #AS 20K Omax Turbo | D75: ='G MTTS'!M75 -> Side Event | E75: ='G MTTS'!N75 -> PLO5 | F75: ='G MTTS'!O75 -> Progressive KO 1/2 | G75: =IF('G MTTS'!Q75=0," ",'G MTTS'!Q75*$A$3) -> 20000 | H75: =IF('G MTTS'!V75=0," ",'G MTTS'!V75*$A$3) -> 55 | I75: =IF('G MTTS'!W75=0," ",'G MTTS'!W75*$A$3) -> 55 | J75: =IF('G MTTS'!Z75=0," ",'G MTTS'!Z75*$A$3) | K75: ='G MTTS'!AF75 -> 50000 | L75: ='G MTTS'!X75 -> 0 | M75: ='G MTTS'!AA75 -> REENTRY | N75: ='G MTTS'!AG75 -> 8 | O75: ='G MTTS'!AH75 -> 7 | P75: ='G MTTS'!AI75 -> 7 | Q75: ='G MTTS'!AJ75 -> 15 | R75: =IF(B75=0," ",TIME(,ROUNDDOWN(N75*Q75/60,0)*5+(N75*Q75),)+B75) -> 0.92362269 | S75: =IFERROR(IF(H75=0," ",IF(H75<=25,"MICRO",IF(H75<=99,"LOW",IF(H75<=499,"MEDIUM",IF(H75<=2500,"HIGH",IF(H75>2500,"SUPER HIGH",)))))),"") -> LOW
A76: SEGUNDA-FEIRA | B76: ='G MTTS'!B76 -> 0.83334491 | C76: ='G MTTS'!J76 -> #AS 20K Plus+SPS | D76: ='G MTTS'!M76 -> Side Event | E76: ='G MTTS'!N76 -> NLH | F76: ='G MTTS'!O76 -> OFF | G76: =IF('G MTTS'!Q76=0," ",'G MTTS'!Q76*$A$3) -> 21000 | H76: =IF('G MTTS'!V76=0," ",'G MTTS'!V76*$A$3) -> 5 | I76: =IF('G MTTS'!W76=0," ",'G MTTS'!W76*$A$3) -> 5 | J76: =IF('G MTTS'!Z76=0," ",'G MTTS'!Z76*$A$3) -> 5 | K76: ='G MTTS'!AF76 -> 40000 | L76: ='G MTTS'!X76 -> 0 | M76: ='G MTTS'!AA76 -> 160000 | N76: ='G MTTS'!AG76 -> 8 | O76: ='G MTTS'!AH76 -> 7 | P76: ='G MTTS'!AI76 -> 8 | Q76: ='G MTTS'!AJ76 -> 15 | R76: =IF(B76=0," ",TIME(,ROUNDDOWN(N76*Q76/60,0)*5+(N76*Q76),)+B76) -> 0.92362269 | S76: =IFERROR(IF(H76=0," ",IF(H76<=25,"MICRO",IF(H76<=99,"LOW",IF(H76<=499,"MEDIUM",IF(H76<=2500,"HIGH",IF(H76>2500,"SUPER HIGH",)))))),"") -> MICRO
B77: ='G MTTS'!B77 -> 0.83334491 | C77: ='G MTTS'!J77 -> #AS 15K Mystery | D77: ='G MTTS'!M77 -> Side Event | E77: ='G MTTS'!N77 -> NLH | F77: ='G MTTS'!O77 -> Mystery Bounty 1/2 | G77: =IF('G MTTS'!Q77=0," ",'G MTTS'!Q77*$A$3) -> 15000 | H77: =IF('G MTTS'!V77=0," ",'G MTTS'!V77*$A$3) -> 40 | I77: =IF('G MTTS'!W77=0," ",'G MTTS'!W77*$A$3) -> 40 | J77: =IF('G MTTS'!Z77=0," ",'G MTTS'!Z77*$A$3) | K77: ='G MTTS'!AF77 -> 60000 | L77: ='G MTTS'!X77 -> 0 | M77: ='G MTTS'!AA77 -> REENTRY | N77: ='G MTTS'!AG77 -> 10 | O77: ='G MTTS'!AH77 -> 8 | P77: ='G MTTS'!AI77 -> 8 | Q77: ='G MTTS'!AJ77 -> 14 | R77: =IF(B77=0," ",TIME(,ROUNDDOWN(N77*Q77/60,0)*5+(N77*Q77),)+B77) -> 0.93751157 | S77: =IFERROR(IF(H77=0," ",IF(H77<=25,"MICRO",IF(H77<=99,"LOW",IF(H77<=499,"MEDIUM",IF(H77<=2500,"HIGH",IF(H77>2500,"SUPER HIGH",)))))),"") -> LOW
S78: =IFERROR(IF(H78=0," ",IF(H78<=25,"MICRO",IF(H78<=99,"LOW",IF(H78<=499,"MEDIUM",IF(H78<=2500,"HIGH",IF(H78>2500,"SUPER HIGH",)))))),"")
A79: MTT | C79: SATÉLITE | R79: =IF(B79=0," ",TIME(,ROUNDDOWN(N79*Q79/60,0)*5+(N79*Q79),)+B79) | S79: =IFERROR(IF(H79=0," ",IF(H79<=25,"MICRO",IF(H79<=99,"LOW",IF(H79<=499,"MEDIUM",IF(H79<=2500,"HIGH",IF(H79>2500,"SUPER HIGH",)))))),"")
A80: ='G MTTS'!J79 -> #AS Reentry | B80: ='G MTTS'!B79 -> 0.41667824 | C80: ='G MTTS'!L79 -> 4 Seats Reentry | D80: ='G MTTS'!M79 -> SAT | E80: ='G MTTS'!N79 -> NLH | F80: ='G MTTS'!O79 -> OFF | G80: =IF('G MTTS'!Q79=0," ",'G MTTS'!Q79*$A$3) -> 300 | H80: =IF('G MTTS'!V79=0," ",'G MTTS'!V79*$A$3) -> 4 | I80: =IF('G MTTS'!W79=0," ",'G MTTS'!W79*$A$3) -> 4 | J80: =IF('G MTTS'!Z79=0," ",'G MTTS'!Z79*$A$3) -> 4 | K80: ='G MTTS'!AF79 -> 10000 | L80: ='G MTTS'!X79 -> 0 | M80: ='G MTTS'!AA79 -> 20000 | N80: ='G MTTS'!AG79 -> 4 | O80: ='G MTTS'!AH79 -> 4 | P80: ='G MTTS'!AI79 -> 4 | Q80: ='G MTTS'!AJ79 -> 9 | R80: =IF(B80=0," ",TIME(,ROUNDDOWN(N80*Q80/60,0)*5+(N80*Q80),)+B80) -> 0.44167824 | S80: =IFERROR(IF(H80=0," ",IF(H80<=25,"MICRO",IF(H80<=99,"LOW",IF(H80<=499,"MEDIUM",IF(H80<=2500,"HIGH",IF(H80>2500,"SUPER HIGH",)))))),"") -> MICRO
A82: ='G MTTS'!J81 -> #AS OmaX PKO | B82: ='G MTTS'!B81 -> 0.43751157 | C82: ='G MTTS'!L81 -> 5 Seats OmaX PKO | D82: ='G MTTS'!M81 -> SAT | E82: ='G MTTS'!N81 -> PLO5 | F82: ='G MTTS'!O81 -> OFF | G82: =IF('G MTTS'!Q81=0," ",'G MTTS'!Q81*$A$3) -> 300 | H82: =IF('G MTTS'!V81=0," ",'G MTTS'!V81*$A$3) -> 3 | I82: =IF('G MTTS'!W81=0," ",'G MTTS'!W81*$A$3) -> 3 | J82: =IF('G MTTS'!Z81=0," ",'G MTTS'!Z81*$A$3) -> 4 | K82: ='G MTTS'!AF81 -> 10000 | L82: ='G MTTS'!X81 -> 0 | M82: ='G MTTS'!AA81 -> 20000 | N82: ='G MTTS'!AG81 -> 4 | O82: ='G MTTS'!AH81 -> 4 | P82: ='G MTTS'!AI81 -> 4 | Q82: ='G MTTS'!AJ81 -> 9 | R82: =IF(B82=0," ",TIME(,ROUNDDOWN(N82*Q82/60,0)*5+(N82*Q82),)+B82) -> 0.46251157 | S82: =IFERROR(IF(H82=0," ",IF(H82<=25,"MICRO",IF(H82<=99,"LOW",IF(H82<=499,"MEDIUM",IF(H82<=2500,"HIGH",IF(H82>2500,"SUPER HIGH",)))))),"") -> MICRO
R83: =IF(B83=0," ",TIME(,ROUNDDOWN(N83*Q83/60,0)*5+(N83*Q83),)+B83) | S83: =IFERROR(IF(H83=0," ",IF(H83<=25,"MICRO",IF(H83<=99,"LOW",IF(H83<=499,"MEDIUM",IF(H83<=2500,"HIGH",IF(H83>2500,"SUPER HIGH",)))))),"")
A84: ='G MTTS'!J83 -> #AS WarmUp | B84: ='G MTTS'!B83 -> 0.43751157 | C84: ='G MTTS'!L83 -> 5 Seats WarmUp | D84: ='G MTTS'!M83 -> SAT | E84: ='G MTTS'!N83 -> NLH | F84: ='G MTTS'!O83 -> OFF | G84: =IF('G MTTS'!Q83=0," ",'G MTTS'!Q83*$A$3) -> 550 | H84: =IF('G MTTS'!V83=0," ",'G MTTS'!V83*$A$3) -> 6 | I84: =IF('G MTTS'!W83=0," ",'G MTTS'!W83*$A$3) -> 6 | J84: =IF('G MTTS'!Z83=0," ",'G MTTS'!Z83*$A$3) -> 6 | K84: ='G MTTS'!AF83 -> 10000 | L84: ='G MTTS'!X83 -> 0 | M84: ='G MTTS'!AA83 -> 20000 | N84: ='G MTTS'!AG83 -> 5 | O84: ='G MTTS'!AH83 -> 4 | P84: ='G MTTS'!AI83 -> 4 | Q84: ='G MTTS'!AJ83 -> 9 | R84: =IF(B84=0," ",TIME(,ROUNDDOWN(N84*Q84/60,0)*5+(N84*Q84),)+B84) -> 0.46876157 | S84: =IFERROR(IF(H84=0," ",IF(H84<=25,"MICRO",IF(H84<=99,"LOW",IF(H84<=499,"MEDIUM",IF(H84<=2500,"HIGH",IF(H84>2500,"SUPER HIGH",)))))),"") -> MICRO
B85: ='G MTTS'!B84 -> 0.47917824 | C85: ='G MTTS'!L84 -> 5 Seats WarmUp | D85: ='G MTTS'!M84 -> SAT | E85: ='G MTTS'!N84 -> NLH | F85: ='G MTTS'!O84 -> OFF | G85: =IF('G MTTS'!Q84=0," ",'G MTTS'!Q84*$A$3) -> 550 | H85: =IF('G MTTS'!V84=0," ",'G MTTS'!V84*$A$3) -> 6 | I85: =IF('G MTTS'!W84=0," ",'G MTTS'!W84*$A$3) -> 6 | J85: =IF('G MTTS'!Z84=0," ",'G MTTS'!Z84*$A$3) -> 6 | K85: ='G MTTS'!AF84 -> 10000 | L85: ='G MTTS'!X84 -> 0 | M85: ='G MTTS'!AA84 -> 20000 | N85: ='G MTTS'!AG84 -> 4 | O85: ='G MTTS'!AH84 -> 4 | P85: ='G MTTS'!AI84 -> 4 | Q85: ='G MTTS'!AJ84 -> 9 | R85: =IF(B85=0," ",TIME(,ROUNDDOWN(N85*Q85/60,0)*5+(N85*Q85),)+B85) -> 0.50417824 | S85: =IFERROR(IF(H85=0," ",IF(H85<=25,"MICRO",IF(H85<=99,"LOW",IF(H85<=499,"MEDIUM",IF(H85<=2500,"HIGH",IF(H85>2500,"SUPER HIGH",)))))),"") -> MICRO
R86: =IF(B86=0," ",TIME(,ROUNDDOWN(N86*Q86/60,0)*5+(N86*Q86),)+B86) | S86: =IFERROR(IF(H86=0," ",IF(H86<=25,"MICRO",IF(H86<=99,"LOW",IF(H86<=499,"MEDIUM",IF(H86<=2500,"HIGH",IF(H86>2500,"SUPER HIGH",)))))),"")
A87: ='G MTTS'!J86 -> #AS Battle HR+SPS | B87: ='G MTTS'!B86 -> 0.54167824 | C87: ='G MTTS'!L86 -> 4 Seats Battle HR | D87: ='G MTTS'!M86 -> SAT | E87: ='G MTTS'!N86 -> NLH | F87: ='G MTTS'!O86 -> OFF | G87: =IF('G MTTS'!Q86=0," ",'G MTTS'!Q86*$A$3) -> 1000 | H87: =IF('G MTTS'!V86=0," ",'G MTTS'!V86*$A$3) -> 15 | I87: =IF('G MTTS'!W86=0," ",'G MTTS'!W86*$A$3) -> 15 | J87: =IF('G MTTS'!Z86=0," ",'G MTTS'!Z86*$A$3) -> 15 | K87: ='G MTTS'!AF86 -> 10000 | L87: ='G MTTS'!X86 -> 0 | M87: ='G MTTS'!AA86 -> 20000 | N87: ='G MTTS'!AG86 -> 5 | O87: ='G MTTS'!AH86 -> 4 | P87: ='G MTTS'!AI86 -> 4 | Q87: ='G MTTS'!AJ86 -> 9 | R87: =IF(B87=0," ",TIME(,ROUNDDOWN(N87*Q87/60,0)*5+(N87*Q87),)+B87) -> 0.57292824 | S87: =IFERROR(IF(H87=0," ",IF(H87<=25,"MICRO",IF(H87<=99,"LOW",IF(H87<=499,"MEDIUM",IF(H87<=2500,"HIGH",IF(H87>2500,"SUPER HIGH",)))))),"") -> MICRO
B88: ='G MTTS'!B87 -> 0.58334491 | C88: ='G MTTS'!L87 -> 6 Seats Battle HR | D88: ='G MTTS'!M87 -> SAT | E88: ='G MTTS'!N87 -> NLH | F88: ='G MTTS'!O87 -> OFF | G88: =IF('G MTTS'!Q87=0," ",'G MTTS'!Q87*$A$3) -> 1500 | H88: =IF('G MTTS'!V87=0," ",'G MTTS'!V87*$A$3) -> 16 | I88: =IF('G MTTS'!W87=0," ",'G MTTS'!W87*$A$3) -> 16 | J88: =IF('G MTTS'!Z87=0," ",'G MTTS'!Z87*$A$3) -> 16 | K88: ='G MTTS'!AF87 -> 10000 | L88: ='G MTTS'!X87 -> 0 | M88: ='G MTTS'!AA87 -> 20000 | N88: ='G MTTS'!AG87 -> 5 | O88: ='G MTTS'!AH87 -> 4 | P88: ='G MTTS'!AI87 -> 4 | Q88: ='G MTTS'!AJ87 -> 9 | R88: =IF(B88=0," ",TIME(,ROUNDDOWN(N88*Q88/60,0)*5+(N88*Q88),)+B88) -> 0.61459491 | S88: =IFERROR(IF(H88=0," ",IF(H88<=25,"MICRO",IF(H88<=99,"LOW",IF(H88<=499,"MEDIUM",IF(H88<=2500,"HIGH",IF(H88>2500,"SUPER HIGH",)))))),"") -> MICRO
B89: ='G MTTS'!B88 -> 0.62501157 | C89: ='G MTTS'!L88 -> 7 Seats Battle HR | D89: ='G MTTS'!M88 -> SAT | E89: ='G MTTS'!N88 -> NLH | F89: ='G MTTS'!O88 -> OFF | G89: =IF('G MTTS'!Q88=0," ",'G MTTS'!Q88*$A$3) -> 1750 | H89: =IF('G MTTS'!V88=0," ",'G MTTS'!V88*$A$3) -> 16 | I89: =IF('G MTTS'!W88=0," ",'G MTTS'!W88*$A$3) -> 16 | J89: =IF('G MTTS'!Z88=0," ",'G MTTS'!Z88*$A$3) -> 16 | K89: ='G MTTS'!AF88 -> 10000 | L89: ='G MTTS'!X88 -> 0 | M89: ='G MTTS'!AA88 -> 20000 | N89: ='G MTTS'!AG88 -> 5 | O89: ='G MTTS'!AH88 -> 4 | P89: ='G MTTS'!AI88 -> 4 | Q89: ='G MTTS'!AJ88 -> 9 | R89: =IF(B89=0," ",TIME(,ROUNDDOWN(N89*Q89/60,0)*5+(N89*Q89),)+B89) -> 0.65626157 | S89: =IFERROR(IF(H89=0," ",IF(H89<=25,"MICRO",IF(H89<=99,"LOW",IF(H89<=499,"MEDIUM",IF(H89<=2500,"HIGH",IF(H89>2500,"SUPER HIGH",)))))),"") -> MICRO
B90: ='G MTTS'!B89 -> 0.68751157 | C90: ='G MTTS'!L89 -> 8 Seats Battle HR | D90: ='G MTTS'!M89 -> SAT | E90: ='G MTTS'!N89 -> NLH | F90: ='G MTTS'!O89 -> OFF | G90: =IF('G MTTS'!Q89=0," ",'G MTTS'!Q89*$A$3) -> 2000 | H90: =IF('G MTTS'!V89=0," ",'G MTTS'!V89*$A$3) -> 16 | I90: =IF('G MTTS'!W89=0," ",'G MTTS'!W89*$A$3) -> 16 | J90: =IF('G MTTS'!Z89=0," ",'G MTTS'!Z89*$A$3) -> 16 | K90: ='G MTTS'!AF89 -> 10000 | L90: ='G MTTS'!X89 -> 0 | M90: ='G MTTS'!AA89 -> 20000 | N90: ='G MTTS'!AG89 -> 4 | O90: ='G MTTS'!AH89 -> 4 | P90: ='G MTTS'!AI89 -> 4 | Q90: ='G MTTS'!AJ89 -> 9 | R90: =IF(B90=0," ",TIME(,ROUNDDOWN(N90*Q90/60,0)*5+(N90*Q90),)+B90) -> 0.71251157 | S90: =IFERROR(IF(H90=0," ",IF(H90<=25,"MICRO",IF(H90<=99,"LOW",IF(H90<=499,"MEDIUM",IF(H90<=2500,"HIGH",IF(H90>2500,"SUPER HIGH",)))))),"") -> MICRO
B91: ='G MTTS'!B90 -> 0.72917824 | C91: ='G MTTS'!L90 -> 10 Seats Battle HR | D91: ='G MTTS'!M90 -> SAT | E91: ='G MTTS'!N90 -> NLH | F91: ='G MTTS'!O90 -> OFF | G91: =IF('G MTTS'!Q90=0," ",'G MTTS'!Q90*$A$3) -> 2500 | H91: =IF('G MTTS'!V90=0," ",'G MTTS'!V90*$A$3) -> 16 | I91: =IF('G MTTS'!W90=0," ",'G MTTS'!W90*$A$3) -> 16 | J91: =IF('G MTTS'!Z90=0," ",'G MTTS'!Z90*$A$3) -> 16 | K91: ='G MTTS'!AF90 -> 10000 | L91: ='G MTTS'!X90 -> 0 | M91: ='G MTTS'!AA90 -> 20000 | N91: ='G MTTS'!AG90 -> 4 | O91: ='G MTTS'!AH90 -> 4 | P91: ='G MTTS'!AI90 -> 4 | Q91: ='G MTTS'!AJ90 -> 9 | R91: =IF(B91=0," ",TIME(,ROUNDDOWN(N91*Q91/60,0)*5+(N91*Q91),)+B91) -> 0.75417824 | S91: =IFERROR(IF(H91=0," ",IF(H91<=25,"MICRO",IF(H91<=99,"LOW",IF(H91<=499,"MEDIUM",IF(H91<=2500,"HIGH",IF(H91>2500,"SUPER HIGH",)))))),"") -> MICRO
A93: ='G MTTS'!J92 -> #AS Bounty | B93: ='G MTTS'!B92 -> 0.56251157 | C93: ='G MTTS'!L92 -> 5 Seats Bounty | D93: ='G MTTS'!M92 -> SAT | E93: ='G MTTS'!N92 -> NLH | F93: ='G MTTS'!O92 -> OFF | G93: =IF('G MTTS'!Q92=0," ",'G MTTS'!Q92*$A$3) -> 400 | H93: =IF('G MTTS'!V92=0," ",'G MTTS'!V92*$A$3) -> 5 | I93: =IF('G MTTS'!W92=0," ",'G MTTS'!W92*$A$3) -> 5 | J93: =IF('G MTTS'!Z92=0," ",'G MTTS'!Z92*$A$3) -> 6 | K93: ='G MTTS'!AF92 -> 10000 | L93: ='G MTTS'!X92 -> 0 | M93: ='G MTTS'!AA92 -> 20000 | N93: ='G MTTS'!AG92 -> 4 | O93: ='G MTTS'!AH92 -> 4 | P93: ='G MTTS'!AI92 -> 4 | Q93: ='G MTTS'!AJ92 -> 9 | R93: =IF(B93=0," ",TIME(,ROUNDDOWN(N93*Q93/60,0)*5+(N93*Q93),)+B93) -> 0.58751157 | S93: =IFERROR(IF(H93=0," ",IF(H93<=25,"MICRO",IF(H93<=99,"LOW",IF(H93<=499,"MEDIUM",IF(H93<=2500,"HIGH",IF(H93>2500,"SUPER HIGH",)))))),"") -> MICRO
A95: ='G MTTS'!J94 -> #AS OmaX PKO | B95: ='G MTTS'!B94 -> 0.56251157 | C95: ='G MTTS'!L94 -> 4 Seats OmaX PKO | D95: ='G MTTS'!M94 -> SAT | E95: ='G MTTS'!N94 -> PLO5 | F95: ='G MTTS'!O94 -> OFF | G95: =IF('G MTTS'!Q94=0," ",'G MTTS'!Q94*$A$3) -> 600 | H95: =IF('G MTTS'!V94=0," ",'G MTTS'!V94*$A$3) -> 9 | I95: =IF('G MTTS'!W94=0," ",'G MTTS'!W94*$A$3) -> 9 | J95: =IF('G MTTS'!Z94=0," ",'G MTTS'!Z94*$A$3) -> 9 | K95: ='G MTTS'!AF94 -> 10000 | L95: ='G MTTS'!X94 -> 0 | M95: ='G MTTS'!AA94 -> 20000 | N95: ='G MTTS'!AG94 -> 4 | O95: ='G MTTS'!AH94 -> 4 | P95: ='G MTTS'!AI94 -> 4 | Q95: ='G MTTS'!AJ94 -> 9 | R95: =IF(B95=0," ",TIME(,ROUNDDOWN(N95*Q95/60,0)*5+(N95*Q95),)+B95) -> 0.58751157 | S95: =IFERROR(IF(H95=0," ",IF(H95<=25,"MICRO",IF(H95<=99,"LOW",IF(H95<=499,"MEDIUM",IF(H95<=2500,"HIGH",IF(H95>2500,"SUPER HIGH",)))))),"") -> MICRO
A97: ='G MTTS'!J96 -> #AS Battle+SPS | B97: ='G MTTS'!B96 -> 0.66667824 | C97: ='G MTTS'!L96 -> 8 Seats Battle | D97: ='G MTTS'!M96 -> SAT | E97: ='G MTTS'!N96 -> NLH | F97: ='G MTTS'!O96 -> OFF | G97: =IF('G MTTS'!Q96=0," ",'G MTTS'!Q96*$A$3) -> 600 | H97: =IF('G MTTS'!V96=0," ",'G MTTS'!V96*$A$3) -> 5 | I97: =IF('G MTTS'!W96=0," ",'G MTTS'!W96*$A$3) -> 5 | J97: =IF('G MTTS'!Z96=0," ",'G MTTS'!Z96*$A$3) -> 5 | K97: ='G MTTS'!AF96 -> 10000 | L97: ='G MTTS'!X96 -> 0 | M97: ='G MTTS'!AA96 -> 20000 | N97: ='G MTTS'!AG96 -> 5 | O97: ='G MTTS'!AH96 -> 4 | P97: ='G MTTS'!AI96 -> 4 | Q97: ='G MTTS'!AJ96 -> 9 | R97: =IF(B97=0," ",TIME(,ROUNDDOWN(N97*Q97/60,0)*5+(N97*Q97),)+B97) -> 0.69792824 | S97: =IFERROR(IF(H97=0," ",IF(H97<=25,"MICRO",IF(H97<=99,"LOW",IF(H97<=499,"MEDIUM",IF(H97<=2500,"HIGH",IF(H97>2500,"SUPER HIGH",)))))),"") -> MICRO
B98: ='G MTTS'!B97 -> 0.70834491 | C98: ='G MTTS'!L97 -> 8 Seats Battle | D98: ='G MTTS'!M97 -> SAT | E98: ='G MTTS'!N97 -> NLH | F98: ='G MTTS'!O97 -> OFF | G98: =IF('G MTTS'!Q97=0," ",'G MTTS'!Q97*$A$3) -> 600 | H98: =IF('G MTTS'!V97=0," ",'G MTTS'!V97*$A$3) -> 5 | I98: =IF('G MTTS'!W97=0," ",'G MTTS'!W97*$A$3) -> 5 | J98: =IF('G MTTS'!Z97=0," ",'G MTTS'!Z97*$A$3) -> 5 | K98: ='G MTTS'!AF97 -> 10000 | L98: ='G MTTS'!X97 -> 0 | M98: ='G MTTS'!AA97 -> 20000 | N98: ='G MTTS'!AG97 -> 4 | O98: ='G MTTS'!AH97 -> 4 | P98: ='G MTTS'!AI97 -> 4 | Q98: ='G MTTS'!AJ97 -> 9 | R98: =IF(B98=0," ",TIME(,ROUNDDOWN(N98*Q98/60,0)*5+(N98*Q98),)+B98) -> 0.73334491 | S98: =IFERROR(IF(H98=0," ",IF(H98<=25,"MICRO",IF(H98<=99,"LOW",IF(H98<=499,"MEDIUM",IF(H98<=2500,"HIGH",IF(H98>2500,"SUPER HIGH",)))))),"") -> MICRO
A100: ='G MTTS'!J99 -> #AS OmaX PKO | B100: ='G MTTS'!B99 -> 0.68751157 | C100: ='G MTTS'!L99 -> 5 Seats OmaX PKO | D100: ='G MTTS'!M99 -> SAT | E100: ='G MTTS'!N99 -> PLO5 | F100: ='G MTTS'!O99 -> OFF | G100: =IF('G MTTS'!Q99=0," ",'G MTTS'!Q99*$A$3) -> 750 | H100: =IF('G MTTS'!V99=0," ",'G MTTS'!V99*$A$3) -> 8 | I100: =IF('G MTTS'!W99=0," ",'G MTTS'!W99*$A$3) -> 8 | J100: =IF('G MTTS'!Z99=0," ",'G MTTS'!Z99*$A$3) -> 8 | K100: ='G MTTS'!AF99 -> 10000 | L100: ='G MTTS'!X99 -> 0 | M100: ='G MTTS'!AA99 -> 20000 | N100: ='G MTTS'!AG99 -> 5 | O100: ='G MTTS'!AH99 -> 4 | P100: ='G MTTS'!AI99 -> 4 | Q100: ='G MTTS'!AJ99 -> 9 | R100: =IF(B100=0," ",TIME(,ROUNDDOWN(N100*Q100/60,0)*5+(N100*Q100),)+B100) -> 0.71876157 | S100: =IFERROR(IF(H100=0," ",IF(H100<=25,"MICRO",IF(H100<=99,"LOW",IF(H100<=499,"MEDIUM",IF(H100<=2500,"HIGH",IF(H100>2500,"SUPER HIGH",)))))),"") -> MICRO
A102: ='G MTTS'!J101 -> #AS Monday HighS | B102: ='G MTTS'!B101 -> 0.66667824 | C102: ='G MTTS'!L101 -> 5 Seats HighS | D102: ='G MTTS'!M101 -> SAT | E102: ='G MTTS'!N101 -> NLH | F102: ='G MTTS'!O101 -> OFF | G102: =IF('G MTTS'!Q101=0," ",'G MTTS'!Q101*$A$3) -> 3750 | H102: =IF('G MTTS'!V101=0," ",'G MTTS'!V101*$A$3) -> 40 | I102: =IF('G MTTS'!W101=0," ",'G MTTS'!W101*$A$3) -> 40 | J102: =IF('G MTTS'!Z101=0," ",'G MTTS'!Z101*$A$3) -> 60 | K102: ='G MTTS'!AF101 -> 10000 | L102: ='G MTTS'!X101 -> 0 | M102: ='G MTTS'!AA101 -> 20000 | N102: ='G MTTS'!AG101 -> 5 | O102: ='G MTTS'!AH101 -> 4 | P102: ='G MTTS'!AI101 -> 4 | Q102: ='G MTTS'!AJ101 -> 9 | R102: =IF(B102=0," ",TIME(,ROUNDDOWN(N102*Q102/60,0)*5+(N102*Q102),)+B102) -> 0.69792824 | S102: =IFERROR(IF(H102=0," ",IF(H102<=25,"MICRO",IF(H102<=99,"LOW",IF(H102<=499,"MEDIUM",IF(H102<=2500,"HIGH",IF(H102>2500,"SUPER HIGH",)))))),"") -> LOW
B103: ='G MTTS'!B102 -> 0.70834491 | C103: ='G MTTS'!L102 -> 10 Seats HighS | D103: ='G MTTS'!M102 -> SAT | E103: ='G MTTS'!N102 -> NLH | F103: ='G MTTS'!O102 -> OFF | G103: =IF('G MTTS'!Q102=0," ",'G MTTS'!Q102*$A$3) -> 7500 | H103: =IF('G MTTS'!V102=0," ",'G MTTS'!V102*$A$3) -> 40 | I103: =IF('G MTTS'!W102=0," ",'G MTTS'!W102*$A$3) -> 40 | J103: =IF('G MTTS'!Z102=0," ",'G MTTS'!Z102*$A$3) -> 60 | K103: ='G MTTS'!AF102 -> 10000 | L103: ='G MTTS'!X102 -> 0 | M103: ='G MTTS'!AA102 -> 20000 | N103: ='G MTTS'!AG102 -> 5 | O103: ='G MTTS'!AH102 -> 4 | P103: ='G MTTS'!AI102 -> 4 | Q103: ='G MTTS'!AJ102 -> 9 | R103: =IF(B103=0," ",TIME(,ROUNDDOWN(N103*Q103/60,0)*5+(N103*Q103),)+B103) -> 0.73959491 | S103: =IFERROR(IF(H103=0," ",IF(H103<=25,"MICRO",IF(H103<=99,"LOW",IF(H103<=499,"MEDIUM",IF(H103<=2500,"HIGH",IF(H103>2500,"SUPER HIGH",)))))),"") -> LOW
R104: =IF(B104=0," ",TIME(,ROUNDDOWN(N104*Q104/60,0)*5+(N104*Q104),)+B104) | S104: =IFERROR(IF(H104=0," ",IF(H104<=25,"MICRO",IF(H104<=99,"LOW",IF(H104<=499,"MEDIUM",IF(H104<=2500,"HIGH",IF(H104>2500,"SUPER HIGH",)))))),"")
A105: ='G MTTS'!J104 -> #AS OmaX HR | B105: ='G MTTS'!B104 -> 0.75001157 | C105: ='G MTTS'!L104 -> 6 Seats OmaX HR | D105: ='G MTTS'!M104 -> SAT | E105: ='G MTTS'!N104 -> PLO5 | F105: ='G MTTS'!O104 -> OFF | G105: =IF('G MTTS'!Q104=0," ",'G MTTS'!Q104*$A$3) -> 3300 | H105: =IF('G MTTS'!V104=0," ",'G MTTS'!V104*$A$3) -> 30 | I105: =IF('G MTTS'!W104=0," ",'G MTTS'!W104*$A$3) -> 30 | J105: =IF('G MTTS'!Z104=0," ",'G MTTS'!Z104*$A$3) -> 30 | K105: ='G MTTS'!AF104 -> 10000 | L105: ='G MTTS'!X104 -> 0 | M105: ='G MTTS'!AA104 -> 20000 | N105: ='G MTTS'!AG104 -> 4 | O105: ='G MTTS'!AH104 -> 4 | P105: ='G MTTS'!AI104 -> 4 | Q105: ='G MTTS'!AJ104 -> 9 | R105: =IF(B105=0," ",TIME(,ROUNDDOWN(N105*Q105/60,0)*5+(N105*Q105),)+B105) -> 0.77501157 | S105: =IFERROR(IF(H105=0," ",IF(H105<=25,"MICRO",IF(H105<=99,"LOW",IF(H105<=499,"MEDIUM",IF(H105<=2500,"HIGH",IF(H105>2500,"SUPER HIGH",)))))),"") -> LOW
R106: =IF(B106=0," ",TIME(,ROUNDDOWN(N106*Q106/60,0)*5+(N106*Q106),)+B106) | S106: =IFERROR(IF(H106=0," ",IF(H106<=25,"MICRO",IF(H106<=99,"LOW",IF(H106<=499,"MEDIUM",IF(H106<=2500,"HIGH",IF(H106>2500,"SUPER HIGH",)))))),"")
A107: ='G MTTS'!J106 -> #AS Omax Turbo | B107: ='G MTTS'!B106 -> 0.75001157 | C107: ='G MTTS'!L106 -> 8 Seats OmaX T. | D107: ='G MTTS'!M106 -> SAT | E107: ='G MTTS'!N106 -> PLO5 | F107: ='G MTTS'!O106 -> OFF | G107: =IF('G MTTS'!Q106=0," ",'G MTTS'!Q106*$A$3) -> 440 | H107: =IF('G MTTS'!V106=0," ",'G MTTS'!V106*$A$3) -> 3 | I107: =IF('G MTTS'!W106=0," ",'G MTTS'!W106*$A$3) -> 3 | J107: =IF('G MTTS'!Z106=0," ",'G MTTS'!Z106*$A$3) -> 3 | K107: ='G MTTS'!AF106 -> 10000 | L107: ='G MTTS'!X106 -> 0 | M107: ='G MTTS'!AA106 -> 20000 | N107: ='G MTTS'!AG106 -> 4 | O107: ='G MTTS'!AH106 -> 4 | P107: ='G MTTS'!AI106 -> 4 | Q107: ='G MTTS'!AJ106 -> 9 | R107: =IF(B107=0," ",TIME(,ROUNDDOWN(N107*Q107/60,0)*5+(N107*Q107),)+B107) -> 0.77501157 | S107: =IFERROR(IF(H107=0," ",IF(H107<=25,"MICRO",IF(H107<=99,"LOW",IF(H107<=499,"MEDIUM",IF(H107<=2500,"HIGH",IF(H107>2500,"SUPER HIGH",)))))),"") -> MICRO
...
